{"heuristic_stride": 0.45, "heuristic_buckets": 8, "percentiles": [0.00999999999999801, 0.28999999999999915, 0.6200000000000014, 0.9064999999999994, 1.1700000000000017, 1.4174999999999995, 1.6429999999999996, 1.8399999999999999, 2.020000000000003, 2.2300000000000004, 2.5599999999999996, 2.8600000000000003, 3.170000000000001, 3.5, 3.8400000000000025, 4.280000000000001, 4.850000000000001, 5.833499999999999, 7.678000000000005, 11.057999999999991, 31.729999999999997]}