{"heuristic_stride": 0.8, "heuristic_buckets": 9, "percentiles": [0.00999999999999801, 0.4299999999999997, 0.8799999999999991, 1.2600000000000002, 1.8520000000000008, 2.460000000000001, 3.183000000000001, 3.750000000000003, 4.264000000000005, 4.690000000000001, 5.050000000000004, 5.360000000000003, 5.66, 5.969999999999999, 6.326999999999998, 6.770000000000003, 7.140000000000001, 7.59, 8.388, 9.948999999999998, 32.61]}