{"heuristic_stride": 0.6, "heuristic_buckets": 7, "percentiles": [0.00999999999999801, 0.36999999999999744, 0.6900000000000013, 1.0265000000000017, 1.371999999999998, 1.6900000000000008, 2.039999999999999, 2.2799999999999994, 2.5, 2.6700000000000017, 2.914999999999999, 3.230500000000002, 3.58, 3.891500000000001, 4.23, 4.549999999999999, 5.188000000000001, 6.057499999999996, 7.588000000000002, 10.728999999999996, 32.18]}