{"heuristic_stride": 0.85, "heuristic_buckets": 2, "percentiles": [0.0, 0.08000000000000007, 0.17999999999999972, 0.2799999999999976, 0.39000000000000057, 0.509999999999998, 0.6499999999999986, 0.8399999999999963, 1.03, 1.2594999999999985, 1.5099999999999998, 1.7799999999999996, 2.075999999999998, 2.5415000000000005, 3.0869999999999993, 3.809999999999996, 4.944000000000005, 6.146999999999999, 7.848999999999997, 11.675999999999984, 32.260000000000005]}