{"heuristic_stride": 1.2, "heuristic_buckets": 10, "percentiles": [0.010000000000001563, 0.7199999999999989, 1.3709999999999978, 2.276499999999996, 3.246000000000002, 4.187500000000001, 5.049999999999997, 5.850000000000001, 6.653999999999999, 7.419500000000002, 8.305, 9.140500000000001, 9.719999999999999, 10.089999999999996, 10.430000000000005, 10.799999999999999, 11.276000000000003, 11.8035, 12.469999999999999, 13.734999999999978, 27.810000000000002]}