{"heuristic_stride": 0.7, "heuristic_buckets": 8, "percentiles": [3.552713678800501e-15, 0.4100000000000005, 0.8599999999999997, 1.25, 1.7020000000000026, 2.15, 2.5430000000000006, 3.0384999999999955, 3.4099999999999993, 3.7394999999999974, 3.9499999999999993, 4.229999999999997, 4.545999999999998, 4.94, 5.289999999999999, 5.639999999999999, 6.08, 6.663499999999998, 7.554000000000005, 10.729999999999997, 31.779999999999998]}