{"heuristic_stride": 0.2, "heuristic_buckets": 7, "percentiles": [0.0, 0.0799999999999983, 0.18999999999999773, 0.259999999999998, 0.360000000000003, 0.47000000000000464, 0.5900000000000034, 0.7099999999999996, 0.8699999999999986, 1.0700000000000036, 1.2800000000000007, 1.5505000000000058, 1.8300000000000012, 2.3300000000000023, 3.12, 3.8099999999999987, 4.888, 6.137499999999994, 7.759999999999998, 11.899999999999999, 32.06]}