{"heuristic_stride": 0.65, "heuristic_buckets": 6, "percentiles": [0.0, 0.3500000000000014, 0.7099999999999945, 0.9864999999999966, 1.2900000000000063, 1.5700000000000003, 1.8229999999999993, 2.0500000000000007, 2.264000000000004, 2.49, 2.760000000000001, 3.059999999999999, 3.399999999999998, 3.7200000000000006, 4.07, 4.470000000000001, 4.989999999999998, 5.856999999999999, 7.510000000000002, 10.819999999999997, 31.929999999999996]}