{"heuristic_stride": 0.6, "heuristic_buckets": 2, "percentiles": [0.0, 0.10000000000000013, 0.21000000000000085, 0.2900000000000009, 0.4099999999999973, 0.5100000000000013, 0.6399999999999988, 0.740000000000002, 0.8900000000000006, 1.0399999999999991, 1.25, 1.4899999999999984, 1.7900000000000003, 2.341500000000001, 3.0999999999999996, 3.8099999999999987, 4.908000000000003, 6.196999999999995, 8.208000000000002, 12.088999999999995, 32.18]}