{"heuristic_stride": 0.15, "heuristic_buckets": 4, "percentiles": [0.0, 0.129999999999999, 0.25, 0.39000000000000057, 0.5500000000000007, 0.6700000000000017, 0.8199999999999987, 0.9200000000000017, 1.0199999999999996, 1.1300000000000026, 1.240000000000002, 1.379999999999999, 1.5899999999999999, 1.9515000000000002, 2.7799999999999994, 3.884999999999999, 4.938000000000002, 6.286999999999999, 8.23, 12.474499999999999, 32.160000000000004]}