{"heuristic_stride": 1.25, "heuristic_buckets": 10, "percentiles": [0.010000000000001563, 0.7600000000000016, 1.550999999999998, 2.3665000000000003, 3.502, 4.385000000000001, 5.373000000000001, 6.16, 6.906000000000003, 7.75, 8.649999999999999, 9.541000000000002, 10.176, 10.551500000000003, 10.91, 11.2925, 11.758000000000001, 12.329999999999998, 12.9, 14.073499999999996, 27.39]}