{"heuristic_stride": 0.4, "heuristic_buckets": 5, "percentiles": [0.0, 0.10000000000000142, 0.20999999999999375, 0.3299999999999983, 0.4499999999999993, 0.5800000000000018, 0.739999999999996, 0.9399999999999977, 1.134, 1.3294999999999988, 1.649999999999995, 1.9205000000000103, 2.2099999999999973, 2.5999999999999996, 3.1769999999999996, 3.9299999999999997, 5.038000000000005, 6.200000000000001, 7.900000000000001, 11.904499999999999, 32.260000000000005]}