{"heuristic_stride": 0.55, "heuristic_buckets": 2, "percentiles": [0.0, 0.11000000000000298, 0.23000000000000043, 0.3200000000000003, 0.42200000000000104, 0.5274999999999963, 0.6200000000000045, 0.75, 0.889999999999997, 1.0399999999999991, 1.245000000000001, 1.5, 1.800000000000003, 2.27, 3.0669999999999993, 3.8425000000000025, 4.8700000000000045, 6.210000000000001, 8.199, 12.19249999999999, 32.089999999999996]}