{"heuristic_stride": 0.4, "heuristic_buckets": 10, "percentiles": [0.00999999999999801, 0.36999999999999744, 0.6900000000000013, 0.9600000000000002, 1.262000000000001, 1.5500000000000007, 1.8099999999999987, 2.0700000000000003, 2.3139999999999983, 2.5195000000000003, 2.7600000000000016, 3.1000000000000014, 3.405999999999997, 3.780000000000001, 4.080000000000002, 4.469999999999999, 5.010000000000001, 6.0070000000000014, 7.630000000000003, 10.854499999999994, 31.779999999999994]}