{"heuristic_stride": 0.95, "heuristic_buckets": 6, "percentiles": [0.010000000000001563, 0.4399999999999997, 0.8700000000000014, 1.2699999999999996, 1.740000000000002, 2.277499999999999, 2.6899999999999986, 3.1199999999999974, 3.539999999999999, 3.789999999999999, 4.084999999999998, 4.370000000000001, 4.645999999999999, 5.02, 5.350000000000001, 5.7225, 6.190000000000004, 6.780499999999996, 7.808999999999998, 10.592499999999994, 31.58]}