{"heuristic_stride": 0.45, "heuristic_buckets": 4, "percentiles": [0.0, 0.07000000000000028, 0.1600000000000005, 0.2400000000000002, 0.370000000000001, 0.5099999999999993, 0.6900000000000013, 0.870000000000001, 1.0400000000000016, 1.240000000000002, 1.5200000000000005, 1.7899999999999991, 2.105999999999997, 2.551500000000001, 3.0669999999999993, 3.8125000000000018, 4.890000000000001, 6.113499999999998, 7.796, 11.888999999999996, 32.31]}