{"heuristic_stride": 1.15, "heuristic_buckets": 7, "percentiles": [0.0, 0.46999999999999564, 1.0110000000000017, 1.6200000000000028, 2.229999999999997, 2.920000000000001, 3.539, 4.21, 4.823999999999994, 5.319999999999999, 5.78, 6.149999999999999, 6.446, 6.769999999999999, 7.029999999999999, 7.429999999999996, 7.839999999999998, 8.3035, 9.068999999999999, 10.589999999999996, 29.849999999999994]}