{"heuristic_stride": 1.35, "heuristic_buckets": 2, "percentiles": [0.00999999999999801, 0.22000000000000014, 0.4400000000000013, 0.6505000000000017, 0.860000000000003, 1.06, 1.2899999999999991, 1.4500000000000028, 1.650000000000002, 1.901500000000005, 2.210000000000003, 2.42, 2.716000000000001, 3.08, 3.449000000000001, 3.9375000000000013, 4.685999999999999, 5.895500000000001, 7.720000000000002, 11.723499999999992, 32.31]}