{"heuristic_stride": 1.0, "heuristic_buckets": 9, "percentiles": [0.0, 0.5900000000000019, 1.2300000000000004, 1.826499999999999, 2.4299999999999997, 3.0524999999999993, 3.7730000000000015, 4.420000000000002, 5.17, 5.710000000000001, 6.305, 6.77, 7.096000000000001, 7.401500000000002, 7.77, 8.2125, 8.638000000000003, 9.120000000000001, 9.79, 11.16, 30.61]}