{"heuristic_stride": 0.4, "heuristic_buckets": 7, "percentiles": [0.0, 0.25, 0.45000000000000284, 0.6564999999999976, 0.8599999999999994, 1.027499999999999, 1.1700000000000017, 1.3400000000000007, 1.5300000000000011, 1.7899999999999991, 2.0600000000000014, 2.3705000000000025, 2.6800000000000006, 3.0130000000000035, 3.479999999999999, 4.08, 4.938000000000002, 6.1009999999999955, 8.056, 11.572999999999976, 32.260000000000005]}