{"heuristic_stride": 0.65, "heuristic_buckets": 8, "percentiles": [0.0, 0.4054999999999992, 0.8399999999999966, 1.2199999999999989, 1.6199999999999979, 1.9974999999999952, 2.4230000000000005, 2.8000000000000007, 3.094000000000003, 3.370000000000001, 3.6000000000000014, 3.8400000000000016, 4.199999999999999, 4.563000000000002, 4.979999999999999, 5.34, 5.810000000000001, 6.4535, 7.619000000000005, 10.668499999999977, 31.929999999999996]}