{"heuristic_stride": 1.25, "heuristic_buckets": 8, "percentiles": [0.010000000000001563, 0.7355000000000005, 1.4110000000000007, 1.9899999999999984, 2.722000000000001, 3.4774999999999974, 4.140000000000001, 4.840000000000003, 5.51, 6.260000000000002, 7.02, 7.541000000000003, 7.946, 8.23, 8.606999999999998, 8.9625, 9.49, 10.043499999999998, 10.71, 12.184499999999998, 29.36]}