{"heuristic_stride": 1.2, "heuristic_buckets": 8, "percentiles": [0.0, 0.7254999999999998, 1.3200000000000003, 1.9365000000000006, 2.6319999999999983, 3.2974999999999977, 4.033, 4.718499999999998, 5.404000000000002, 6.069499999999999, 6.779999999999998, 7.219999999999999, 7.635999999999996, 7.949999999999999, 8.316999999999998, 8.669999999999998, 9.107999999999997, 9.64, 10.438999999999998, 11.7145, 30.209999999999994]}