{"heuristic_stride": 0.25, "heuristic_buckets": 4, "percentiles": [0.0, 0.129999999999999, 0.25, 0.35999999999999943, 0.45000000000000073, 0.5600000000000005, 0.6700000000000017, 0.7800000000000011, 0.8999999999999992, 1.0199999999999996, 1.200000000000001, 1.400500000000002, 1.6899999999999995, 2.1299999999999994, 2.9769999999999985, 3.84, 4.922000000000007, 6.226999999999997, 8.09, 12.188999999999997, 32.06]}