{"heuristic_stride": 0.2, "heuristic_buckets": 5, "percentiles": [0.0, 0.129999999999999, 0.23999999999999863, 0.3500000000000014, 0.46000000000000085, 0.5700000000000003, 0.6699999999999982, 0.7899999999999986, 0.9000000000000004, 1.04, 1.2100000000000026, 1.3799999999999992, 1.6800000000000068, 2.1499999999999986, 3.0139999999999976, 3.919999999999998, 4.900000000000006, 6.246999999999998, 8.098999999999998, 12.218999999999994, 32.06]}