{"heuristic_stride": 0.65, "heuristic_buckets": 2, "percentiles": [0.0, 0.0900000000000026, 0.19100000000000453, 0.2999999999999995, 0.39000000000000057, 0.48999999999999844, 0.6099999999999997, 0.740000000000002, 0.8999999999999986, 1.0899999999999963, 1.3150000000000013, 1.5899999999999965, 1.870000000000001, 2.4030000000000022, 3.1000000000000014, 3.84, 4.894000000000005, 6.170000000000002, 7.879, 11.854499999999996, 31.99]}