{"heuristic_stride": 0.55, "heuristic_buckets": 7, "percentiles": [0.0, 0.35999999999999943, 0.6710000000000014, 0.9399999999999995, 1.2199999999999989, 1.5100000000000007, 1.7400000000000007, 1.9800000000000004, 2.210000000000001, 2.4200000000000017, 2.6999999999999993, 3.0100000000000007, 3.2959999999999985, 3.67, 4.006999999999998, 4.402500000000002, 5.0180000000000025, 5.983500000000001, 7.569000000000002, 10.964499999999997, 31.979999999999997]}