{"heuristic_stride": 0.7, "heuristic_buckets": 4, "percentiles": [0.0, 0.245500000000001, 0.45000000000000284, 0.6899999999999977, 0.8900000000000006, 1.0500000000000034, 1.2100000000000009, 1.3884999999999965, 1.6099999999999959, 1.8600000000000012, 2.1999999999999984, 2.439999999999998, 2.725999999999998, 3.09, 3.5569999999999977, 4.062499999999999, 4.898000000000001, 6.036999999999997, 8.050000000000004, 11.558999999999996, 32.09]}