{"heuristic_stride": 0.6, "heuristic_buckets": 6, "percentiles": [0.0, 0.3254999999999989, 0.6099999999999994, 0.9364999999999988, 1.1600000000000001, 1.4100000000000001, 1.6599999999999977, 1.8599999999999994, 2.0300000000000002, 2.2594999999999987, 2.5700000000000003, 2.8900000000000006, 3.219999999999999, 3.5, 3.860000000000002, 4.360000000000001, 4.889999999999999, 5.823499999999998, 7.527999999999997, 11.11, 32.18]}