{"heuristic_stride": 0.25, "heuristic_buckets": 9, "percentiles": [0.0, 0.14000000000000057, 0.2599999999999998, 0.39000000000000057, 0.5099999999999998, 0.6574999999999975, 0.8200000000000003, 0.9784999999999966, 1.2199999999999989, 1.4500000000000002, 1.7299999999999986, 2.0199999999999996, 2.3160000000000003, 2.649999999999999, 3.243999999999996, 4.022499999999999, 5.079999999999998, 6.24, 8.054000000000006, 11.898999999999994, 32.06]}