{"heuristic_stride": 1.3, "heuristic_buckets": 2, "percentiles": [0.0, 0.23000000000000043, 0.46999999999999886, 0.6500000000000004, 0.8200000000000003, 0.9600000000000009, 1.1499999999999986, 1.3600000000000003, 1.62, 1.8395000000000021, 2.1150000000000038, 2.42, 2.7600000000000007, 3.1000000000000014, 3.5000000000000004, 4.102500000000002, 4.928000000000002, 6.113499999999999, 7.976000000000004, 11.43149999999999, 32.58]}