{"heuristic_stride": 0.9, "heuristic_buckets": 8, "percentiles": [0.0, 0.4654999999999999, 0.8910000000000006, 1.3465000000000007, 1.8800000000000012, 2.4799999999999995, 3.229999999999998, 3.7699999999999996, 4.27, 4.759500000000002, 5.090000000000002, 5.439999999999998, 5.690000000000001, 6.0, 6.360000000000001, 6.7924999999999995, 7.178000000000002, 7.630000000000001, 8.348, 10.092499999999992, 32.61]}