{"heuristic_stride": 1.05, "heuristic_buckets": 6, "percentiles": [0.0, 0.41549999999999754, 0.8699999999999974, 1.3364999999999991, 1.7899999999999991, 2.2774999999999985, 2.8830000000000005, 3.3700000000000037, 3.924000000000002, 4.2695, 4.520000000000002, 4.7700000000000005, 5.010000000000002, 5.350000000000001, 5.7499999999999964, 6.19, 6.538, 7.083499999999999, 7.988999999999995, 9.999, 31.429999999999996]}