{"heuristic_stride": 0.55, "heuristic_buckets": 1, "percentiles": [0.0, 0.15000000000000036, 0.2799999999999976, 0.4099999999999966, 0.5599999999999987, 0.6999999999999993, 0.8099999999999996, 0.9299999999999977, 1.0300000000000011, 1.1400000000000006, 1.2699999999999996, 1.43, 1.6559999999999988, 2.0900000000000003, 2.9800000000000004, 3.9099999999999966, 4.988000000000003, 6.4399999999999995, 8.27, 12.273499999999995, 32.46]}