{"heuristic_stride": 0.55, "heuristic_buckets": 6, "percentiles": [0.0, 0.28549999999999787, 0.5399999999999991, 0.8099999999999952, 1.0600000000000023, 1.2800000000000011, 1.4800000000000004, 1.6984999999999957, 1.879999999999999, 2.1400000000000006, 2.3999999999999995, 2.66, 3.0200000000000022, 3.3599999999999994, 3.7300000000000004, 4.259999999999998, 4.840000000000002, 5.716999999999999, 7.718000000000003, 11.060000000000002, 31.979999999999997]}