{"heuristic_stride": 1.0, "heuristic_buckets": 1, "percentiles": [0.0, 0.11549999999999885, 0.23000000000000043, 0.33999999999999986, 0.4499999999999993, 0.5500000000000007, 0.6599999999999977, 0.7699999999999996, 0.9299999999999997, 1.0500000000000007, 1.2399999999999984, 1.4605000000000026, 1.755999999999999, 2.289999999999999, 3.030000000000001, 3.81, 4.988, 6.246999999999997, 8.16, 12.142999999999972, 32.06]}