{"heuristic_stride": 1.3, "heuristic_buckets": 8, "percentiles": [0.0, 0.7299999999999969, 1.4149999999999978, 2.1229999999999962, 2.75, 3.6100000000000025, 4.31, 4.960000000000002, 5.733999999999999, 6.548500000000002, 7.25, 7.890000000000001, 8.315999999999999, 8.620000000000001, 9.0, 9.400000000000002, 9.868000000000002, 10.377, 11.010000000000002, 12.424500000000002, 29.550000000000004]}