{"heuristic_stride": 0.45, "heuristic_buckets": 2, "percentiles": [0.0, 0.10999999999999943, 0.2400000000000002, 0.3700000000000033, 0.48999999999999844, 0.5800000000000018, 0.7029999999999972, 0.7899999999999991, 0.9100000000000001, 1.0499999999999972, 1.2000000000000028, 1.4199999999999982, 1.720000000000001, 2.1300000000000012, 3.0700000000000003, 3.9225, 4.9479999999999995, 6.243499999999997, 8.119000000000002, 12.319999999999997, 32.31]}