{"heuristic_stride": 0.9, "heuristic_buckets": 5, "percentiles": [0.0, 0.37999999999999545, 0.7999999999999975, 1.1799999999999997, 1.559999999999999, 1.8774999999999995, 2.1999999999999966, 2.4900000000000015, 2.7399999999999984, 2.9499999999999993, 3.1799999999999997, 3.460000000000001, 3.7700000000000005, 4.1499999999999995, 4.47, 4.85, 5.426000000000003, 6.239999999999998, 7.619999999999997, 10.71, 32.17999999999999]}