{"heuristic_stride": 0.95, "heuristic_buckets": 4, "percentiles": [0.0, 0.3600000000000014, 0.6899999999999981, 0.9899999999999984, 1.2939999999999994, 1.5775000000000006, 1.7899999999999991, 2.039999999999999, 2.254, 2.49, 2.754999999999999, 3.0205000000000015, 3.3500000000000014, 3.6499999999999986, 4.029999999999998, 4.402500000000003, 4.949999999999999, 5.990499999999995, 7.638000000000001, 11.06, 31.58]}