{"heuristic_stride": 1.05, "heuristic_buckets": 9, "percentiles": [0.0, 0.7299999999999989, 1.292000000000003, 1.8564999999999954, 2.5439999999999996, 3.2424999999999997, 3.9429999999999987, 4.630000000000003, 5.3000000000000025, 5.98, 6.565000000000001, 7.140500000000003, 7.539999999999999, 7.830000000000002, 8.170000000000002, 8.559999999999999, 8.968000000000002, 9.530000000000001, 10.149000000000003, 11.540000000000003, 29.909999999999997]}