{"heuristic_stride": 0.35, "heuristic_buckets": 8, "percentiles": [0.0, 0.26000000000000156, 0.4399999999999977, 0.6499999999999986, 0.8299999999999925, 0.9874999999999972, 1.129999999999999, 1.2999999999999987, 1.5, 1.7695000000000003, 2.0699999999999985, 2.3905000000000016, 2.679999999999996, 3.0199999999999996, 3.4669999999999996, 4.042500000000001, 4.878, 6.063499999999999, 8.084000000000001, 11.458999999999996, 32.06]}