{"heuristic_stride": 0.65, "heuristic_buckets": 7, "percentiles": [0.00999999999999801, 0.3699999999999992, 0.7899999999999991, 1.1599999999999966, 1.490000000000002, 1.867499999999998, 2.189999999999998, 2.4800000000000004, 2.7140000000000013, 2.9299999999999997, 3.1600000000000015, 3.469999999999999, 3.7600000000000016, 4.151500000000002, 4.44, 4.842500000000001, 5.418000000000002, 6.17, 7.639000000000002, 10.599999999999998, 31.929999999999996]}