{"heuristic_stride": 1.3, "heuristic_buckets": 4, "percentiles": [0.0, 0.490000000000002, 0.8899999999999972, 1.3499999999999943, 1.7699999999999996, 2.130000000000002, 2.5500000000000007, 2.9299999999999997, 3.198000000000002, 3.460000000000001, 3.7100000000000017, 4.010500000000003, 4.380000000000002, 4.7215000000000025, 5.08, 5.4799999999999995, 5.870000000000001, 6.563499999999999, 7.610000000000003, 10.300499999999985, 32.58]}