{"heuristic_stride": 0.7, "heuristic_buckets": 6, "percentiles": [0.010000000000001563, 0.380000000000001, 0.75, 1.0899999999999999, 1.4499999999999993, 1.7299999999999995, 2.0399999999999965, 2.34, 2.5300000000000002, 2.7399999999999984, 2.9399999999999995, 3.1999999999999993, 3.5599999999999996, 3.879999999999996, 4.239999999999998, 4.599999999999999, 5.190000000000001, 6.013499999999999, 7.558000000000001, 10.933499999999995, 31.779999999999998]}