{"heuristic_stride": 1.3, "heuristic_buckets": 6, "percentiles": [0.010000000000001563, 0.4899999999999969, 1.0000000000000007, 1.5800000000000034, 2.184000000000001, 2.830000000000001, 3.530000000000001, 4.1885, 4.650000000000003, 5.2, 5.629999999999999, 5.950000000000003, 6.196, 6.550000000000001, 6.887, 7.25, 7.66, 8.17, 8.869, 10.378999999999998, 29.550000000000004]}