{"heuristic_stride": 0.1, "heuristic_buckets": 5, "percentiles": [0.0, 0.1399999999999988, 0.2699999999999996, 0.4099999999999966, 0.5699999999999996, 0.7200000000000024, 0.8599999999999994, 0.9799999999999994, 1.0799999999999983, 1.1600000000000037, 1.2600000000000007, 1.3900000000000006, 1.5899999999999963, 1.9115000000000006, 2.713999999999997, 3.890000000000002, 4.990000000000002, 6.346999999999996, 8.294000000000006, 12.569999999999997, 33.69]}