{"heuristic_stride": 0.35, "heuristic_buckets": 1, "percentiles": [0.0, 0.129999999999999, 0.26100000000000156, 0.41999999999999815, 0.5699999999999971, 0.7300000000000004, 0.8900000000000017, 1.0100000000000044, 1.120000000000001, 1.2200000000000006, 1.3300000000000036, 1.4499999999999993, 1.6400000000000001, 1.981500000000004, 2.703999999999992, 3.91, 4.938000000000001, 6.363499999999998, 8.340000000000002, 12.708999999999998, 33.64]}