{"heuristic_stride": 0.95, "heuristic_buckets": 1, "percentiles": [0.0, 0.10549999999999654, 0.21000000000000085, 0.3399999999999995, 0.4400000000000013, 0.5674999999999981, 0.6699999999999999, 0.7899999999999986, 0.9139999999999988, 1.0700000000000003, 1.2199999999999989, 1.4705000000000041, 1.7759999999999985, 2.2315000000000036, 3.136999999999997, 3.85, 4.918000000000002, 6.3435, 8.149, 12.23149999999999, 32.410000000000004]}