{"heuristic_stride": 0.35, "heuristic_buckets": 4, "percentiles": [0.0, 0.08999999999999728, 0.17000000000000004, 0.2700000000000031, 0.3700000000000001, 0.46000000000000085, 0.5799999999999983, 0.7100000000000009, 0.8900000000000006, 1.0799999999999983, 1.2899999999999991, 1.589999999999998, 1.9159999999999986, 2.4115000000000024, 3.126999999999998, 3.8749999999999987, 4.967999999999995, 6.157, 7.869000000000002, 11.9345, 32.06]}