{"heuristic_stride": 0.4, "heuristic_buckets": 4, "percentiles": [0.0, 0.07000000000000224, 0.1600000000000005, 0.240000000000002, 0.33000000000000257, 0.45000000000000084, 0.6000000000000014, 0.7500000000000031, 0.9399999999999984, 1.1595000000000006, 1.4200000000000017, 1.6800000000000017, 2.0700000000000003, 2.4800000000000004, 3.12, 3.885000000000002, 4.932000000000008, 6.163499999999996, 7.759999999999998, 11.764499999999995, 32.260000000000005]}