{"heuristic_stride": 0.55, "heuristic_buckets": 8, "percentiles": [0.00999999999999801, 0.379999999999999, 0.7800000000000011, 1.1099999999999994, 1.452000000000003, 1.7899999999999991, 2.110000000000002, 2.400000000000002, 2.6100000000000003, 2.8000000000000025, 3.0250000000000004, 3.3599999999999994, 3.6800000000000015, 4.021500000000002, 4.327, 4.702500000000001, 5.3080000000000025, 6.186999999999998, 7.607000000000009, 10.71799999999999, 31.979999999999997]}