{"heuristic_stride": 0.5, "heuristic_buckets": 2, "percentiles": [0.0, 0.10999999999999943, 0.21999999999999906, 0.35999999999999943, 0.46000000000000085, 0.5500000000000007, 0.6500000000000004, 0.7699999999999996, 0.8999999999999986, 1.0399999999999991, 1.2300000000000004, 1.4399999999999995, 1.756, 2.161500000000001, 3.0469999999999984, 3.9050000000000002, 4.902000000000007, 6.2635, 8.16, 12.200000000000001, 32.06]}