{"heuristic_stride": 0.5, "heuristic_buckets": 7, "percentiles": [0.0, 0.29549999999999965, 0.5599999999999987, 0.9200000000000017, 1.1600000000000001, 1.3800000000000008, 1.6099999999999994, 1.8000000000000007, 1.990000000000001, 2.1900000000000004, 2.490000000000001, 2.8299999999999983, 3.119999999999999, 3.4615000000000014, 3.78, 4.27, 4.810000000000002, 5.753499999999999, 7.709000000000001, 10.955999999999985, 31.979999999999997]}