{"heuristic_stride": 0.95, "heuristic_buckets": 2, "percentiles": [0.0, 0.10999999999999943, 0.21000000000000085, 0.33999999999999986, 0.4919999999999985, 0.620000000000001, 0.7699999999999996, 0.9499999999999987, 1.1399999999999992, 1.3999999999999986, 1.62, 1.900500000000002, 2.2300000000000013, 2.5999999999999988, 3.096999999999997, 3.9599999999999977, 5.059999999999999, 6.149999999999999, 7.915000000000006, 12.076499999999971, 32.410000000000004]}