{"heuristic_stride": 1.25, "heuristic_buckets": 9, "percentiles": [0.0, 0.6610000000000005, 1.4110000000000007, 2.3465000000000007, 3.200000000000003, 3.9675000000000007, 4.710000000000001, 5.469999999999999, 6.4399999999999995, 7.099000000000002, 7.81, 8.520500000000006, 9.020000000000003, 9.34, 9.75, 10.09, 10.598000000000004, 11.17, 11.849, 13.214499999999997, 28.11]}