{"heuristic_stride": 0.85, "heuristic_buckets": 9, "percentiles": [0.00999999999999801, 0.490000000000002, 0.8900000000000006, 1.4200000000000017, 2.009999999999999, 2.667500000000002, 3.393, 3.9584999999999937, 4.534000000000002, 4.939500000000002, 5.4, 5.739999999999998, 6.039999999999999, 6.329999999999998, 6.666999999999998, 7.062499999999998, 7.468000000000002, 7.91, 8.628, 10.37, 31.93]}