{"heuristic_stride": 0.15, "heuristic_buckets": 9, "percentiles": [0.0, 0.08999999999999986, 0.18999999999999773, 0.2799999999999976, 0.379999999999999, 0.47000000000000064, 0.5829999999999985, 0.6899999999999977, 0.8500000000000014, 1.0500000000000043, 1.2450000000000006, 1.519999999999998, 1.7800000000000011, 2.289999999999999, 3.1100000000000003, 3.770000000000001, 4.878000000000001, 6.189999999999998, 7.758000000000004, 11.95, 32.160000000000004]}