{"heuristic_stride": 0.9, "heuristic_buckets": 1, "percentiles": [0.0, 0.10999999999999943, 0.2400000000000002, 0.3600000000000009, 0.47999999999999743, 0.5800000000000001, 0.6930000000000027, 0.8099999999999987, 0.9399999999999984, 1.0700000000000003, 1.240000000000002, 1.4605000000000026, 1.7699999999999996, 2.27, 3.030000000000001, 3.9025000000000043, 4.968000000000003, 6.3139999999999965, 8.219, 12.324499999999995, 32.17999999999999]}