{"heuristic_stride": 1.1, "heuristic_buckets": 7, "percentiles": [3.552713678800501e-15, 0.4599999999999973, 0.9410000000000013, 1.4465000000000034, 2.099999999999998, 2.730000000000002, 3.419999999999998, 4.018500000000002, 4.539999999999999, 5.0794999999999995, 5.470000000000002, 5.840000000000002, 6.170000000000001, 6.43, 6.800000000000001, 7.180000000000003, 7.510000000000004, 8.09, 8.768000000000004, 10.4145, 31.979999999999997]}