{"heuristic_stride": 1.0, "heuristic_buckets": 2, "percentiles": [0.0, 0.1200000000000002, 0.26100000000000156, 0.39000000000000057, 0.5020000000000004, 0.6400000000000006, 0.7899999999999991, 0.98, 1.1900000000000013, 1.4794999999999976, 1.6999999999999993, 1.9900000000000002, 2.289999999999999, 2.719999999999999, 3.1969999999999983, 3.9324999999999997, 5.009999999999998, 6.220499999999997, 8.259, 11.908999999999995, 32.06]}