{"heuristic_stride": 0.05, "heuristic_buckets": 6, "percentiles": [0.0, 0.14000000000000018, 0.28999999999999915, 0.4399999999999977, 0.5799999999999988, 0.7674999999999974, 0.9299999999999999, 1.0600000000000003, 1.1999999999999993, 1.2799999999999976, 1.37, 1.4800000000000006, 1.6459999999999941, 1.9499999999999993, 2.587999999999994, 3.800000000000001, 4.866000000000005, 6.399999999999999, 8.527999999999999, 12.74249999999999, 33.540000000000006]}