{"heuristic_stride": 1.25, "heuristic_buckets": 3, "percentiles": [0.0, 0.38550000000000156, 0.7100000000000009, 1.0, 1.3099999999999992, 1.5500000000000007, 1.7700000000000007, 2.008499999999999, 2.26, 2.5199999999999996, 2.780000000000001, 3.09, 3.41, 3.6900000000000013, 4.030000000000001, 4.469999999999999, 5.028000000000002, 6.039999999999999, 7.510000000000002, 10.66, 31.729999999999997]}