{"heuristic_stride": 0.05, "heuristic_buckets": 5, "percentiles": [0.0, 0.14000000000000018, 0.29100000000000553, 0.45999999999999963, 0.5900000000000034, 0.7799999999999976, 0.9499999999999993, 1.0799999999999998, 1.2199999999999989, 1.3199999999999985, 1.410000000000001, 1.509999999999998, 1.6799999999999988, 1.981500000000004, 2.6900000000000013, 3.8500000000000014, 4.916000000000005, 6.483999999999995, 8.688000000000002, 12.938999999999997, 45.7]}