{"heuristic_stride": 0.9, "heuristic_buckets": 7, "percentiles": [0.00999999999999801, 0.42000000000000093, 0.8900000000000077, 1.3364999999999991, 1.7620000000000051, 2.347500000000001, 2.833000000000001, 3.378499999999999, 3.884000000000002, 4.240000000000002, 4.550000000000001, 4.77, 5.030000000000001, 5.3515, 5.736999999999997, 6.152500000000002, 6.497999999999999, 6.969999999999999, 7.930000000000001, 9.931499999999991, 32.17999999999999]}