{"heuristic_stride": 0.8, "heuristic_buckets": 4, "percentiles": [0.0, 0.2855000000000002, 0.521000000000003, 0.8399999999999963, 1.0800000000000018, 1.2699999999999996, 1.4499999999999957, 1.6400000000000006, 1.8399999999999999, 2.1000000000000014, 2.3800000000000017, 2.71, 2.9859999999999975, 3.300000000000003, 3.7000000000000006, 4.189999999999999, 4.82, 5.796999999999998, 7.786000000000003, 10.942499999999988, 31.860000000000003]}