{"heuristic_stride": 0.15, "heuristic_buckets": 10, "percentiles": [0.0, 0.07000000000000028, 0.16999999999999993, 0.25, 0.3399999999999963, 0.4400000000000013, 0.5999999999999943, 0.7300000000000004, 0.8999999999999986, 1.0999999999999996, 1.335, 1.5799999999999994, 1.8959999999999984, 2.413000000000001, 3.1300000000000012, 3.8524999999999983, 4.898000000000003, 6.07, 7.719000000000002, 11.8945, 32.160000000000004]}