{"heuristic_stride": 0.25, "heuristic_buckets": 7, "percentiles": [0.0, 0.07000000000000028, 0.1510000000000002, 0.25, 0.33999999999999986, 0.46000000000000085, 0.6400000000000006, 0.7899999999999991, 0.9899999999999984, 1.2100000000000009, 1.435, 1.7300000000000004, 2.05, 2.4615000000000014, 3.0969999999999978, 3.8200000000000003, 4.926000000000004, 6.093499999999999, 7.796000000000004, 11.8845, 32.06]}