{"heuristic_stride": 1.05, "heuristic_buckets": 7, "percentiles": [0.0, 0.39549999999999963, 0.9000000000000025, 1.3700000000000032, 1.9620000000000009, 2.547500000000004, 3.303000000000003, 3.898500000000002, 4.390000000000001, 4.840000000000001, 5.254999999999999, 5.530000000000001, 5.830000000000001, 6.149999999999999, 6.529999999999999, 6.910000000000002, 7.350000000000001, 7.729999999999999, 8.499, 10.192499999999992, 33.06]}