{"heuristic_stride": 0.6, "heuristic_buckets": 3, "percentiles": [0.0, 0.09000000000000163, 0.17999999999999972, 0.2699999999999996, 0.39000000000000057, 0.53, 0.7000000000000016, 0.8700000000000007, 1.0599999999999987, 1.2595000000000003, 1.5399999999999991, 1.8299999999999985, 2.1100000000000003, 2.539999999999999, 3.1199999999999974, 3.855000000000001, 4.966000000000003, 6.100000000000003, 7.845000000000002, 11.981499999999986, 32.18]}