{"heuristic_stride": 1.25, "heuristic_buckets": 5, "percentiles": [0.0, 0.3999999999999996, 0.8410000000000033, 1.3900000000000006, 1.8100000000000005, 2.3374999999999995, 2.8800000000000003, 3.4299999999999997, 3.8900000000000006, 4.199999999999999, 4.425000000000001, 4.73, 5.010000000000002, 5.33, 5.759999999999998, 6.1525, 6.538000000000001, 7.079999999999998, 7.919000000000001, 10.174499999999998, 31.729999999999997]}