{"heuristic_stride": 0.4, "heuristic_buckets": 9, "percentiles": [0.00999999999999801, 0.3000000000000007, 0.5600000000000023, 0.9064999999999983, 1.1420000000000035, 1.3900000000000077, 1.6300000000000026, 1.8399999999999999, 2.030000000000001, 2.2200000000000006, 2.5100000000000007, 2.88, 3.185999999999999, 3.5, 3.8069999999999986, 4.26, 4.840000000000002, 5.789999999999999, 7.657000000000003, 10.945999999999984, 31.779999999999994]}