{"heuristic_stride": 0.65, "heuristic_buckets": 10, "percentiles": [0.0, 0.4400000000000013, 0.8599999999999994, 1.3200000000000003, 1.741999999999999, 2.3074999999999983, 2.883000000000002, 3.4299999999999997, 3.91, 4.32, 4.629999999999999, 4.830000000000002, 5.056, 5.43, 5.850000000000001, 6.23, 6.608000000000001, 7.193500000000002, 7.92, 10.083499999999995, 31.929999999999996]}