{"heuristic_stride": 0.55, "heuristic_buckets": 5, "percentiles": [1.7763568394002505e-15, 0.21999999999999886, 0.4399999999999981, 0.6300000000000026, 0.8100000000000023, 0.9900000000000004, 1.1600000000000001, 1.3299999999999983, 1.5140000000000002, 1.809499999999996, 2.0400000000000027, 2.400000000000002, 2.6800000000000033, 3.0, 3.4899999999999998, 4.062500000000001, 4.856000000000003, 6.139999999999999, 8.037000000000003, 11.604500000000002, 32.089999999999996]}