{"heuristic_stride": 0.25, "heuristic_buckets": 10, "percentiles": [0.0, 0.17999999999999972, 0.35999999999999943, 0.5, 0.6400000000000006, 0.7899999999999991, 0.9400000000000013, 1.118499999999997, 1.3200000000000003, 1.6095, 1.8800000000000008, 2.1500000000000004, 2.4459999999999997, 2.789999999999999, 3.3000000000000007, 3.925, 4.909999999999999, 6.173500000000001, 8.188, 11.733499999999994, 32.06]}