{"heuristic_stride": 0.75, "heuristic_buckets": 3, "percentiles": [0.0, 0.14000000000000057, 0.28999999999999915, 0.4400000000000013, 0.5800000000000001, 0.7300000000000004, 0.9000000000000004, 1.0700000000000003, 1.2939999999999998, 1.5594999999999992, 1.8299999999999983, 2.120000000000001, 2.415999999999999, 2.77, 3.2700000000000022, 3.9699999999999993, 4.904000000000003, 6.257, 8.135000000000005, 11.877999999999993, 32.31]}