{"heuristic_stride": 0.6, "heuristic_buckets": 4, "percentiles": [0.00999999999999801, 0.18000000000000166, 0.34999999999999964, 0.4900000000000013, 0.6420000000000007, 0.7899999999999991, 0.9499999999999968, 1.1099999999999994, 1.3200000000000003, 1.5795000000000021, 1.8500000000000005, 2.1899999999999995, 2.4659999999999984, 2.789999999999999, 3.3299999999999983, 3.8725000000000005, 4.898000000000003, 6.186999999999998, 8.229000000000001, 11.690000000000001, 32.18]}