{"heuristic_stride": 0.5, "heuristic_buckets": 9, "percentiles": [0.0, 0.39000000000000057, 0.7600000000000016, 1.1365000000000003, 1.4420000000000013, 1.8299999999999983, 2.133000000000002, 2.4299999999999997, 2.6799999999999997, 2.8900000000000006, 3.1049999999999995, 3.4400000000000013, 3.7, 4.0415, 4.390000000000001, 4.779999999999999, 5.34, 6.153499999999999, 7.579999999999998, 10.649999999999999, 31.979999999999997]}