{"heuristic_stride": 1.25, "heuristic_buckets": 6, "percentiles": [0.0, 0.4800000000000004, 0.9420000000000002, 1.4365000000000006, 2.0199999999999996, 2.6900000000000004, 3.383000000000002, 3.9884999999999975, 4.483999999999998, 4.929500000000001, 5.32, 5.59, 5.926, 6.25, 6.596999999999998, 7.0525, 7.43, 7.880000000000002, 8.578000000000001, 10.343499999999995, 31.729999999999997]}