{"heuristic_stride": 0.8, "heuristic_buckets": 8, "percentiles": [0.010000000000001563, 0.4399999999999987, 0.8910000000000006, 1.2965, 1.8099999999999958, 2.2574999999999985, 2.8900000000000006, 3.385499999999998, 3.929999999999998, 4.270000000000003, 4.540000000000001, 4.8100000000000005, 5.056, 5.390000000000001, 5.793999999999997, 6.150000000000001, 6.489999999999998, 7.019999999999997, 7.900000000000002, 10.033499999999995, 31.779999999999994]}