{"heuristic_stride": 0.7, "heuristic_buckets": 7, "percentiles": [0.0, 0.41549999999999915, 0.8509999999999975, 1.2599999999999991, 1.6400000000000006, 1.9899999999999984, 2.343, 2.6799999999999997, 2.9800000000000004, 3.1999999999999993, 3.414999999999999, 3.680500000000001, 4.025999999999995, 4.41, 4.746999999999997, 5.17, 5.700000000000002, 6.319999999999997, 7.587, 10.305999999999987, 31.779999999999998]}