{"heuristic_stride": 0.85, "heuristic_buckets": 6, "percentiles": [0.0, 0.4155000000000027, 0.8410000000000033, 1.2564999999999995, 1.6299999999999963, 2.0674999999999972, 2.463, 2.8000000000000007, 3.0599999999999987, 3.3094999999999994, 3.544999999999999, 3.860500000000001, 4.1899999999999995, 4.561500000000001, 4.949999999999999, 5.319999999999998, 5.740000000000002, 6.413499999999999, 7.506000000000005, 10.312499999999991, 31.93]}