{"heuristic_stride": 0.3, "heuristic_buckets": 5, "percentiles": [0.0, 0.08000000000000007, 0.17999999999999972, 0.25, 0.34999999999999964, 0.46749999999999936, 0.5899999999999999, 0.740000000000002, 0.9199999999999999, 1.0995000000000004, 1.3699999999999992, 1.6099999999999994, 1.9600000000000009, 2.43, 3.15, 3.8225, 4.898000000000003, 6.07, 7.805000000000004, 11.86, 32.160000000000004]}