{"heuristic_stride": 1.0, "heuristic_buckets": 10, "percentiles": [0.00999999999999801, 0.759999999999998, 1.3900000000000006, 1.9964999999999993, 2.7199999999999993, 3.530000000000001, 4.140000000000001, 4.778499999999998, 5.584000000000001, 6.29, 6.920000000000001, 7.529999999999999, 7.949999999999999, 8.280000000000001, 8.596999999999998, 9.04, 9.508, 9.9835, 10.71, 12.09, 29.61]}