{"heuristic_stride": 0.1, "heuristic_buckets": 8, "percentiles": [0.0, 0.10000000000000053, 0.23999999999999844, 0.39000000000000057, 0.5099999999999998, 0.6300000000000008, 0.75, 0.8399999999999999, 0.94, 1.0600000000000005, 1.1999999999999957, 1.370000000000001, 1.599999999999999, 2.0515000000000017, 2.916999999999997, 3.852500000000001, 4.958000000000003, 6.273499999999999, 8.169000000000002, 12.363499999999991, 32.160000000000004]}