{"heuristic_stride": 0.9, "heuristic_buckets": 6, "percentiles": [7.105427357601002e-15, 0.4555000000000019, 0.8410000000000003, 1.2499999999999976, 1.69, 2.16, 2.5799999999999983, 2.9484999999999992, 3.3240000000000016, 3.6195, 3.8299999999999983, 4.09, 4.430000000000001, 4.829999999999995, 5.21, 5.5525, 5.959999999999999, 6.609999999999999, 7.5189999999999975, 10.268999999999995, 32.17999999999999]}