{"heuristic_stride": 0.5, "heuristic_buckets": 5, "percentiles": [0.0, 0.19000000000000128, 0.3999999999999986, 0.5300000000000011, 0.6999999999999993, 0.8499999999999996, 0.9899999999999989, 1.1599999999999966, 1.379999999999999, 1.5999999999999996, 1.8900000000000001, 2.17, 2.5, 2.8400000000000003, 3.3369999999999984, 4.0024999999999995, 4.876000000000003, 6.170000000000002, 8.221000000000009, 11.700000000000003, 32.06]}