{"heuristic_stride": 0.75, "heuristic_buckets": 9, "percentiles": [0.0, 0.46999999999999886, 0.8420000000000035, 1.2965, 1.7899999999999991, 2.3999999999999986, 3.0399999999999996, 3.619999999999999, 4.060000000000002, 4.4395, 4.810000000000001, 5.039999999999999, 5.33, 5.649999999999999, 6.006999999999997, 6.432499999999999, 6.829999999999998, 7.3500000000000005, 8.170000000000002, 9.864499999999996, 31.729999999999997]}