{"heuristic_stride": 0.75, "heuristic_buckets": 4, "percentiles": [0.0, 0.21000000000000085, 0.48999999999999844, 0.7300000000000004, 0.9699999999999989, 1.1675000000000013, 1.3229999999999993, 1.54, 1.75, 1.9700000000000006, 2.2349999999999994, 2.5700000000000003, 2.869999999999999, 3.1999999999999993, 3.5900000000000025, 4.155, 4.9380000000000015, 6.050000000000001, 8.04, 11.409999999999998, 32.31]}