{"heuristic_stride": 0.35, "heuristic_buckets": 10, "percentiles": [3.552713678800501e-15, 0.3100000000000007, 0.5410000000000056, 0.9029999999999975, 1.1299999999999955, 1.3099999999999987, 1.5799999999999983, 1.7600000000000013, 1.953999999999998, 2.1795, 2.469999999999998, 2.780500000000003, 3.129999999999999, 3.419999999999998, 3.7499999999999982, 4.2625, 4.819999999999999, 5.743500000000001, 7.600000000000001, 10.89, 31.779999999999998]}