{"heuristic_stride": 0.55, "heuristic_buckets": 10, "percentiles": [0.0, 0.45000000000000284, 0.8600000000000001, 1.226499999999998, 1.6520000000000017, 2.1299999999999955, 2.5399999999999983, 2.938500000000003, 3.3400000000000034, 3.6400000000000077, 3.870000000000001, 4.09, 4.460000000000001, 4.820000000000004, 5.217, 5.530000000000001, 5.997999999999999, 6.647, 7.459000000000002, 10.450000000000003, 31.979999999999997]}