{"heuristic_stride": 0.3, "heuristic_buckets": 2, "percentiles": [0.0, 0.11549999999999885, 0.26000000000000156, 0.4065000000000006, 0.5500000000000007, 0.6600000000000001, 0.7899999999999991, 0.9200000000000017, 1.0200000000000016, 1.120000000000001, 1.25, 1.3999999999999986, 1.64, 2.0315000000000016, 2.876999999999999, 3.869999999999998, 4.938, 6.386999999999997, 8.190000000000001, 12.254999999999983, 32.160000000000004]}