{"heuristic_stride": 0.75, "heuristic_buckets": 1, "percentiles": [0.0, 0.13000000000000078, 0.25, 0.379999999999999, 0.5, 0.6199999999999988, 0.7300000000000004, 0.8399999999999999, 0.9600000000000009, 1.0700000000000003, 1.254999999999999, 1.4200000000000017, 1.6799999999999997, 2.193000000000003, 3.009999999999998, 3.9349999999999996, 4.948000000000001, 6.479999999999999, 8.170000000000002, 12.293499999999995, 32.31]}