{"heuristic_stride": 0.1, "heuristic_buckets": 2, "percentiles": [0.0, 0.13000000000000078, 0.29000000000000015, 0.44000000000000095, 0.5999999999999996, 0.7800000000000011, 0.9699999999999989, 1.1000000000000014, 1.2300000000000004, 1.3399999999999999, 1.4200000000000017, 1.54, 1.7099999999999984, 2.0015, 2.707, 3.8425, 5.028000000000014, 6.517499999999993, 8.757000000000001, 13.076499999999967, 45.7]}