{"heuristic_stride": 1.3, "heuristic_buckets": 9, "percentiles": [0.0, 0.76, 1.3699999999999974, 2.283, 3.2440000000000024, 4.0649999999999995, 4.872999999999999, 5.758500000000001, 6.524000000000002, 7.309, 8.055000000000001, 8.809999999999999, 9.486000000000002, 9.880000000000003, 10.236999999999998, 10.639999999999999, 11.098000000000003, 11.56, 12.230000000000002, 13.426999999999989, 28.210000000000008]}