{"heuristic_stride": 0.45, "heuristic_buckets": 7, "percentiles": [0.00999999999999801, 0.240000000000002, 0.5010000000000068, 0.7700000000000018, 0.9900000000000002, 1.2199999999999989, 1.4100000000000013, 1.5700000000000003, 1.754, 2.0094999999999987, 2.34, 2.5900000000000007, 2.91, 3.25, 3.620000000000001, 4.192499999999998, 4.868000000000001, 5.967999999999992, 7.94, 11.2545, 32.31]}