{"heuristic_stride": 0.05, "heuristic_buckets": 2, "percentiles": [0.0, 0.14000000000000448, 0.29000000000000004, 0.43649999999999944, 0.6099999999999994, 0.8099999999999987, 0.9900000000000003, 1.1600000000000001, 1.2800000000000011, 1.3999999999999986, 1.5100000000000016, 1.6105000000000012, 1.7800000000000011, 2.1, 2.8400000000000025, 4.08, 5.258000000000003, 7.076999999999996, 9.018, 13.734499999999997, 53.19]}