{"heuristic_stride": 0.25, "heuristic_buckets": 8, "percentiles": [0.0, 0.09550000000000146, 0.1999999999999993, 0.2899999999999997, 0.4200000000000017, 0.5774999999999988, 0.7199999999999994, 0.9184999999999991, 1.1000000000000014, 1.3099999999999987, 1.6000000000000014, 1.8800000000000008, 2.1799999999999997, 2.58, 3.1269999999999976, 3.8775000000000004, 5.046000000000005, 6.183499999999999, 7.909000000000001, 11.8845, 32.06]}