{"heuristic_stride": 0.1, "heuristic_buckets": 4, "percentiles": [0.0, 0.14000000000000057, 0.28999999999999915, 0.4200000000000017, 0.5700000000000003, 0.7574999999999985, 0.9099999999999988, 1.0200000000000031, 1.134, 1.2199999999999989, 1.3099999999999996, 1.4399999999999995, 1.6159999999999988, 1.9499999999999997, 2.7400000000000015, 3.9200000000000004, 4.898000000000001, 6.410499999999996, 8.39, 12.647999999999993, 33.59]}