{"heuristic_stride": 1.1, "heuristic_buckets": 6, "percentiles": [1.7763568394002505e-15, 0.4400000000000013, 0.8909999999999973, 1.2964999999999989, 1.8099999999999994, 2.34, 2.983, 3.609999999999999, 4.100000000000001, 4.409499999999997, 4.729999999999999, 5.030000000000001, 5.296000000000001, 5.580000000000002, 5.986999999999999, 6.349999999999996, 6.800000000000003, 7.280000000000001, 8.129000000000003, 9.782999999999976, 31.979999999999997]}