{"heuristic_stride": 0.85, "heuristic_buckets": 7, "percentiles": [0.0, 0.45550000000000107, 0.8400000000000034, 1.3400000000000034, 1.8100000000000007, 2.279999999999999, 2.8099999999999996, 3.2499999999999996, 3.6799999999999997, 3.989499999999999, 4.234999999999999, 4.529999999999998, 4.79, 5.13, 5.470000000000002, 5.890000000000001, 6.278000000000002, 6.799999999999997, 7.720000000000001, 10.573999999999979, 31.93]}