{"heuristic_stride": 0.8, "heuristic_buckets": 7, "percentiles": [0.009999999999999787, 0.4655000000000018, 0.8510000000000014, 1.2365000000000002, 1.740000000000002, 2.197499999999999, 2.66, 3.09, 3.450000000000003, 3.719999999999999, 3.9650000000000034, 4.209999999999997, 4.59, 4.900000000000002, 5.300000000000001, 5.640000000000001, 6.068000000000002, 6.690000000000002, 7.609000000000002, 10.725499999999965, 31.779999999999994]}