{"heuristic_stride": 0.15, "heuristic_buckets": 8, "percentiles": [0.0, 0.10000000000000142, 0.23999999999999524, 0.3200000000000003, 0.41999999999999815, 0.5099999999999993, 0.5930000000000013, 0.7100000000000007, 0.8599999999999994, 1.0494999999999979, 1.2199999999999989, 1.4799999999999986, 1.775999999999997, 2.2330000000000005, 3.039999999999999, 3.825000000000003, 4.846000000000005, 6.183499999999992, 8.047000000000004, 12.083499999999994, 32.160000000000004]}