{"heuristic_stride": 0.9, "heuristic_buckets": 3, "percentiles": [0.00999999999999801, 0.2399999999999994, 0.46000000000000085, 0.6699999999999993, 0.8599999999999994, 1.0300000000000011, 1.17, 1.3500000000000014, 1.5500000000000007, 1.809499999999996, 2.119999999999999, 2.46, 2.710000000000001, 3.04, 3.5, 4.059999999999997, 5.0, 6.1835, 8.159, 11.469999999999999, 32.17999999999999]}