{"heuristic_stride": 1.35, "heuristic_buckets": 1, "percentiles": [0.019999999999999574, 0.09349999999999917, 0.20699999999999813, 0.29999999999999716, 0.370000000000001, 0.4999999999999991, 0.6099999999999998, 0.7744999999999986, 0.9179999999999994, 1.1514999999999924, 1.3200000000000003, 1.595499999999996, 1.869999999999998, 2.2010000000000014, 2.6489999999999982, 3.512500000000001, 4.556000000000001, 5.839000000000003, 7.528, 11.361499999999992, 32.31]}