{"heuristic_stride": 0.05, "heuristic_buckets": 3, "percentiles": [0.0, 0.13999999999999702, 0.2900000000000031, 0.4499999999999993, 0.6099999999999965, 0.7899999999999991, 0.9899999999999984, 1.1499999999999986, 1.2699999999999996, 1.3900000000000006, 1.4699999999999989, 1.5799999999999983, 1.759999999999998, 2.06, 2.8240000000000007, 4.022500000000001, 5.1860000000000035, 7.046999999999999, 8.908000000000001, 13.55149999999999, 51.13000000000001]}