{"heuristic_stride": 1.15, "heuristic_buckets": 1, "percentiles": [0.0, 0.10000000000000062, 0.20000000000000026, 0.3000000000000007, 0.41999999999999815, 0.5200000000000031, 0.6600000000000037, 0.7800000000000011, 0.944, 1.1300000000000023, 1.3550000000000022, 1.5999999999999999, 1.9799999999999967, 2.391500000000001, 3.0669999999999975, 3.8925000000000005, 4.870000000000001, 6.27, 7.7470000000000026, 11.903499999999998, 32.160000000000004]}