{"heuristic_stride": 0.05, "heuristic_buckets": 10, "percentiles": [0.0, 0.14000000000000057, 0.2699999999999996, 0.40999999999999887, 0.5500000000000043, 0.7199999999999989, 0.8599999999999994, 0.9799999999999984, 1.084, 1.1799999999999962, 1.264999999999998, 1.3999999999999917, 1.5800000000000018, 1.9199999999999984, 2.707, 3.922500000000001, 4.98, 6.343499999999999, 8.305000000000003, 12.633499999999994, 33.69]}