{"heuristic_stride": 0.5, "heuristic_buckets": 1, "percentiles": [0.0, 0.120000000000001, 0.2510000000000002, 0.41999999999999993, 0.5600000000000008, 0.6799999999999997, 0.8100000000000005, 0.9400000000000013, 1.0500000000000007, 1.1599999999999966, 1.2850000000000001, 1.4400000000000013, 1.6400000000000006, 2.0415, 2.8679999999999923, 3.8724999999999996, 4.938, 6.43, 8.289, 12.404499999999997, 32.29]}