{"heuristic_stride": 0.7, "heuristic_buckets": 2, "percentiles": [0.0, 0.0799999999999983, 0.16999999999999815, 0.26000000000000034, 0.35999999999999943, 0.45000000000000284, 0.5899999999999974, 0.7484999999999988, 0.9099999999999996, 1.0999999999999979, 1.3599999999999994, 1.629999999999999, 1.915999999999996, 2.4299999999999997, 3.129999999999999, 3.8924999999999987, 4.874000000000004, 6.0335, 7.959000000000001, 11.9345, 32.09]}