{"heuristic_stride": 0.6, "heuristic_buckets": 8, "percentiles": [0.0, 0.370000000000001, 0.8420000000000003, 1.2099999999999995, 1.6199999999999983, 1.970000000000002, 2.292999999999998, 2.618499999999997, 2.879999999999999, 3.1000000000000014, 3.310000000000001, 3.5700000000000003, 3.9399999999999995, 4.300000000000001, 4.67, 5.042499999999999, 5.640000000000001, 6.310000000000001, 7.669, 10.445999999999987, 32.18]}