{"heuristic_stride": 0.85, "heuristic_buckets": 10, "percentiles": [0.0, 0.48550000000000104, 1.0610000000000024, 1.7264999999999973, 2.3599999999999937, 2.9974999999999983, 3.6729999999999983, 4.25, 4.869999999999999, 5.51, 6.064999999999998, 6.4605, 6.74, 7.011500000000002, 7.33, 7.769999999999998, 8.158000000000001, 8.713499999999996, 9.369, 10.973499999999994, 30.15]}