{"heuristic_stride": 0.55, "heuristic_buckets": 3, "percentiles": [0.0, 0.08000000000000185, 0.16000000000000014, 0.25, 0.35999999999999943, 0.4900000000000073, 0.6499999999999986, 0.8099999999999952, 0.990000000000002, 1.2194999999999996, 1.4600000000000009, 1.7399999999999987, 2.0900000000000007, 2.490000000000002, 3.057, 3.8125, 4.92, 6.119999999999999, 7.8480000000000025, 11.994500000000002, 32.089999999999996]}