{"heuristic_stride": 0.2, "heuristic_buckets": 1, "percentiles": [0.0, 0.14000000000000057, 0.2900000000000003, 0.44000000000000006, 0.5920000000000031, 0.7700000000000022, 0.9399999999999995, 1.08, 1.2100000000000009, 1.3200000000000003, 1.4200000000000017, 1.5199999999999996, 1.680000000000001, 2.0, 2.6200000000000006, 3.8125000000000004, 4.949999999999999, 6.483499999999997, 8.639, 12.874499999999996, 45.7]}