{"heuristic_stride": 0.2, "heuristic_buckets": 10, "percentiles": [0.0, 0.10999999999999782, 0.19999999999999574, 0.3100000000000005, 0.4299999999999997, 0.5800000000000018, 0.723000000000005, 0.9299999999999986, 1.1099999999999999, 1.3000000000000007, 1.6000000000000014, 1.8705000000000025, 2.1459999999999995, 2.550000000000001, 3.0839999999999965, 3.882500000000002, 5.038000000000005, 6.203499999999998, 8.005000000000003, 11.894499999999997, 32.06]}