{"heuristic_stride": 0.3, "heuristic_buckets": 7, "percentiles": [0.00999999999999801, 0.14000000000000057, 0.23999999999999844, 0.3600000000000012, 0.4800000000000004, 0.629999999999999, 0.783, 0.9484999999999987, 1.1440000000000008, 1.3699999999999992, 1.650000000000003, 1.9399999999999995, 2.2299999999999995, 2.629999999999999, 3.1699999999999995, 3.932499999999999, 5.129999999999999, 6.2435, 8.060000000000002, 11.900000000000002, 32.160000000000004]}