{"heuristic_stride": 1.05, "heuristic_buckets": 8, "percentiles": [0.0, 0.5554999999999978, 1.0999999999999983, 1.7164999999999995, 2.3599999999999994, 2.977499999999998, 3.628999999999999, 4.32, 4.920000000000002, 5.509499999999996, 6.0500000000000025, 6.370000000000002, 6.675999999999997, 6.951500000000003, 7.27, 7.669999999999998, 8.18, 8.630000000000003, 9.319, 10.788999999999998, 30.1]}