{"heuristic_stride": 0.8, "heuristic_buckets": 1, "percentiles": [0.0, 0.14000000000000057, 0.2799999999999979, 0.3999999999999986, 0.5100000000000008, 0.6174999999999984, 0.7099999999999996, 0.8199999999999993, 0.9400000000000013, 1.089499999999997, 1.2399999999999993, 1.4105000000000052, 1.6900000000000013, 2.1615000000000015, 3.0369999999999977, 3.9449999999999985, 5.0, 6.3, 8.16, 12.369999999999997, 32.260000000000005]}