{"heuristic_stride": 0.9, "heuristic_buckets": 10, "percentiles": [0.0, 0.6155000000000017, 1.1899999999999977, 1.7565000000000008, 2.452000000000002, 3.12, 3.6830000000000007, 4.408499999999999, 5.134, 5.689499999999998, 6.245000000000001, 6.75, 7.099999999999998, 7.390000000000001, 7.73, 8.165000000000001, 8.706000000000005, 9.163499999999999, 9.780000000000001, 11.194499999999998, 29.34]}