{"heuristic_stride": 0.6, "heuristic_buckets": 10, "percentiles": [0.00999999999999801, 0.45999999999999375, 0.9010000000000021, 1.2799999999999963, 1.7999999999999972, 2.2350000000000008, 2.802999999999999, 3.2584999999999975, 3.6339999999999995, 3.989499999999999, 4.279999999999996, 4.48, 4.780000000000001, 5.13, 5.530000000000001, 5.899999999999999, 6.298, 6.833499999999997, 7.698999999999996, 10.558999999999997, 32.18]}