{"heuristic_stride": 1.0, "heuristic_buckets": 3, "percentiles": [0.0, 0.2700000000000015, 0.5199999999999999, 0.7399999999999984, 0.9799999999999975, 1.1900000000000002, 1.3830000000000016, 1.5784999999999976, 1.7939999999999992, 2.049999999999997, 2.299999999999997, 2.5700000000000003, 2.895999999999998, 3.2330000000000023, 3.6000000000000014, 4.149999999999999, 4.906000000000004, 5.8934999999999995, 7.848000000000003, 11.232499999999991, 32.06]}