{"heuristic_stride": 0.15, "heuristic_buckets": 1, "percentiles": [0.0, 0.12999999999999998, 0.2999999999999974, 0.4399999999999977, 0.5999999999999999, 0.7800000000000011, 0.9730000000000029, 1.1100000000000025, 1.240000000000002, 1.3699999999999974, 1.4600000000000004, 1.5600000000000005, 1.7300000000000004, 2.0399999999999996, 2.696999999999997, 3.8424999999999994, 5.0180000000000025, 6.603499999999999, 8.758000000000003, 13.24799999999999, 51.03]}