{"heuristic_stride": 0.95, "heuristic_buckets": 9, "percentiles": [3.552713678800501e-15, 0.5454999999999982, 1.1499999999999986, 1.7264999999999997, 2.370000000000001, 2.9175, 3.62, 4.338499999999999, 4.984000000000001, 5.559999999999999, 6.08, 6.489999999999998, 6.810000000000002, 7.129999999999999, 7.41, 7.789999999999999, 8.239999999999998, 8.73, 9.52, 11.059999999999999, 30.299999999999997]}