{"heuristic_stride": 1.3, "heuristic_buckets": 3, "percentiles": [3.552713678800501e-15, 0.39000000000000257, 0.6999999999999961, 1.0465, 1.3519999999999999, 1.6799999999999997, 1.9499999999999993, 2.1584999999999983, 2.370000000000001, 2.639999999999997, 2.9000000000000012, 3.1700000000000017, 3.469999999999999, 3.780000000000001, 4.17, 4.470000000000002, 4.989999999999998, 5.9335, 7.620000000000001, 10.853499999999997, 32.58]}