{"heuristic_stride": 0.3, "heuristic_buckets": 10, "percentiles": [0.0, 0.23550000000000104, 0.47099999999999886, 0.7100000000000009, 0.9200000000000017, 1.0899999999999999, 1.2699999999999965, 1.4199999999999982, 1.5999999999999996, 1.8894999999999977, 2.1900000000000013, 2.5199999999999996, 2.8059999999999983, 3.169999999999998, 3.5869999999999975, 4.16, 4.988000000000002, 6.070000000000002, 8.137000000000004, 11.455999999999982, 32.160000000000004]}