{"heuristic_stride": 0.2, "heuristic_buckets": 6, "percentiles": [0.0, 0.10999999999999943, 0.22999999999999865, 0.3299999999999983, 0.41999999999999904, 0.5, 0.5900000000000022, 0.7100000000000009, 0.8500000000000008, 1.04, 1.2199999999999989, 1.4600000000000009, 1.7699999999999982, 2.2300000000000004, 3.063999999999997, 3.785000000000002, 4.888000000000001, 6.207000000000001, 8.008999999999999, 12.127999999999993, 32.06]}