{"heuristic_stride": 0.7, "heuristic_buckets": 9, "percentiles": [0.00999999999999801, 0.4399999999999977, 0.8699999999999978, 1.3599999999999994, 1.752, 2.2575, 2.8059999999999987, 3.326999999999991, 3.8739999999999988, 4.23, 4.4899999999999975, 4.7499999999999964, 5.000000000000002, 5.309999999999995, 5.729999999999998, 6.099999999999998, 6.486000000000002, 6.913499999999997, 7.897000000000001, 9.970000000000002, 31.779999999999998]}