{"heuristic_stride": 1.05, "heuristic_buckets": 4, "percentiles": [0.0, 0.3854999999999996, 0.7410000000000017, 1.0765, 1.4299999999999997, 1.777499999999998, 2.0630000000000024, 2.3100000000000023, 2.510000000000003, 2.75, 3.0250000000000012, 3.3100000000000023, 3.6659999999999995, 4.029999999999999, 4.300000000000001, 4.6800000000000015, 5.229999999999999, 6.100499999999996, 7.619999999999997, 10.84249999999999, 31.429999999999996]}