{"heuristic_stride": 1.0, "heuristic_buckets": 5, "percentiles": [0.00999999999999801, 0.4200000000000017, 0.8699999999999992, 1.2899999999999991, 1.67, 1.9975000000000005, 2.4099999999999975, 2.719999999999999, 2.994000000000002, 3.3000000000000007, 3.5500000000000007, 3.8205000000000022, 4.121999999999997, 4.48, 4.856999999999999, 5.28, 5.786000000000003, 6.5, 7.675000000000004, 10.398999999999997, 31.979999999999997]}