{"heuristic_stride": 0.85, "heuristic_buckets": 1, "percentiles": [0.0, 0.14000000000000057, 0.26000000000000156, 0.38000000000000256, 0.48999999999999844, 0.5899999999999999, 0.7100000000000009, 0.8299999999999983, 0.9400000000000013, 1.08, 1.2400000000000002, 1.4800000000000006, 1.7859999999999991, 2.1830000000000016, 3.0069999999999975, 3.935000000000001, 4.948000000000003, 6.157499999999996, 8.146000000000004, 12.392999999999976, 32.260000000000005]}