{"heuristic_stride": 0.55, "heuristic_buckets": 4, "percentiles": [0.0, 0.15000000000000407, 0.2899999999999993, 0.43000000000000266, 0.5699999999999938, 0.6700000000000017, 0.8099999999999987, 0.9784999999999968, 1.2040000000000002, 1.4595000000000005, 1.7699999999999996, 2.039999999999999, 2.330000000000002, 2.710000000000001, 3.2669999999999972, 3.972500000000002, 5.008000000000003, 6.220000000000002, 7.998000000000002, 11.904499999999999, 32.089999999999996]}