{"heuristic_stride": 0.3, "heuristic_buckets": 4, "percentiles": [0.0, 0.10000000000000142, 0.22000000000000242, 0.3200000000000003, 0.41999999999999993, 0.490000000000002, 0.5899999999999999, 0.7000000000000002, 0.8639999999999994, 1.0500000000000007, 1.220000000000001, 1.459999999999999, 1.7800000000000011, 2.2615, 3.1100000000000003, 3.802499999999999, 4.866000000000003, 6.189999999999998, 7.928000000000002, 12.047999999999993, 32.160000000000004]}