{"heuristic_stride": 0.15, "heuristic_buckets": 6, "percentiles": [0.0, 0.10000000000000142, 0.24999999999999672, 0.36, 0.48999999999999877, 0.6000000000000014, 0.7100000000000009, 0.8100000000000005, 0.9200000000000017, 1.0499999999999987, 1.2100000000000009, 1.4000000000000004, 1.65, 2.101500000000002, 3.0109999999999943, 3.9049999999999976, 4.950000000000003, 6.380499999999999, 8.169, 12.327999999999996, 32.160000000000004]}