{"heuristic_stride": 0.4, "heuristic_buckets": 1, "percentiles": [0.0, 0.1399999999999988, 0.28000000000000114, 0.41000000000000014, 0.5500000000000015, 0.7174999999999994, 0.879999999999999, 1.0000000000000009, 1.0900000000000034, 1.1999999999999993, 1.3149999999999977, 1.4299999999999997, 1.639999999999997, 1.9615000000000016, 2.7839999999999967, 3.885000000000001, 4.970000000000006, 6.410499999999995, 8.317000000000002, 12.61, 33.69]}