{"heuristic_stride": 1.15, "heuristic_buckets": 6, "percentiles": [0.0, 0.41550000000000076, 0.8710000000000009, 1.3500000000000014, 1.9020000000000028, 2.540000000000001, 3.1899999999999986, 3.7984999999999984, 4.23, 4.619499999999999, 4.939999999999999, 5.23, 5.519999999999996, 5.819999999999999, 6.186999999999999, 6.559999999999999, 6.959999999999999, 7.509999999999998, 8.280000000000001, 10.074499999999993, 33.05999999999999]}