{"heuristic_stride": 0.2, "heuristic_buckets": 4, "percentiles": [0.0, 0.10000000000000053, 0.22000000000000278, 0.379999999999999, 0.5099999999999983, 0.6400000000000003, 0.759999999999998, 0.8399999999999996, 0.930000000000001, 1.0600000000000005, 1.2099999999999995, 1.370000000000001, 1.6400000000000006, 2.1000000000000005, 2.920000000000001, 3.8625000000000007, 4.969999999999999, 6.316999999999998, 8.23, 12.336999999999989, 32.06]}