{"heuristic_stride": 0.65, "heuristic_buckets": 1, "percentiles": [0.0, 0.14000000000000057, 0.25, 0.3699999999999986, 0.5099999999999983, 0.6374999999999997, 0.7599999999999998, 0.879999999999999, 1.0, 1.12, 1.240000000000001, 1.4100000000000004, 1.6400000000000001, 2.1099999999999994, 2.9469999999999983, 3.8925, 4.988000000000001, 6.466999999999995, 8.270000000000003, 12.483499999999992, 31.99]}