{"heuristic_stride": 0.5, "heuristic_buckets": 4, "percentiles": [0.0, 0.11999999999999744, 0.25, 0.3500000000000014, 0.47000000000000064, 0.6074999999999999, 0.783, 0.9585000000000004, 1.1140000000000008, 1.3395000000000004, 1.620000000000001, 1.9099999999999966, 2.210000000000001, 2.5900000000000003, 3.113999999999995, 3.9549999999999996, 5.166000000000005, 6.199999999999999, 7.899999999999999, 12.034499999999998, 32.06]}