{"heuristic_stride": 0.25, "heuristic_buckets": 1, "percentiles": [0.0, 0.14000000000000057, 0.28999999999999915, 0.4399999999999977, 0.5820000000000005, 0.7699999999999996, 0.9199999999999999, 1.0684999999999998, 1.1899999999999995, 1.2800000000000011, 1.3699999999999992, 1.4905000000000037, 1.665999999999999, 1.9600000000000009, 2.576999999999998, 3.75, 4.83, 6.449999999999999, 8.39, 12.777999999999992, 33.59]}