{"heuristic_stride": 0.95, "heuristic_buckets": 10, "percentiles": [0.0, 0.7299999999999989, 1.3809999999999991, 1.9100000000000024, 2.541999999999999, 3.2000000000000006, 3.9659999999999966, 4.589999999999998, 5.300000000000001, 5.969999999999999, 6.649999999999999, 7.189999999999998, 7.539999999999999, 7.871500000000005, 8.206999999999997, 8.5825, 9.107999999999999, 9.5835, 10.169, 11.623499999999993, 29.959999999999994]}