{"heuristic_stride": 1.15, "heuristic_buckets": 3, "percentiles": [3.552713678800501e-15, 0.33999999999999825, 0.6400000000000046, 0.9200000000000063, 1.2299999999999969, 1.4599999999999977, 1.6400000000000006, 1.8599999999999994, 2.089999999999997, 2.3199999999999967, 2.5499999999999994, 2.8499999999999996, 3.1799999999999997, 3.5, 3.87, 4.3100000000000005, 4.93, 5.8179999999999925, 7.688999999999996, 11.04399999999998, 31.479999999999997]}