{"heuristic_stride": 0.35, "heuristic_buckets": 3, "percentiles": [0.0, 0.13000000000000175, 0.23999999999999863, 0.3400000000000034, 0.4499999999999993, 0.5499999999999989, 0.6599999999999995, 0.7499999999999991, 0.8800000000000026, 1.0499999999999972, 1.2050000000000005, 1.4200000000000017, 1.735999999999997, 2.219999999999999, 3.0609999999999937, 3.869999999999999, 4.83, 6.239999999999998, 7.99, 12.170000000000002, 32.06]}