{"heuristic_stride": 0.4, "heuristic_buckets": 8, "percentiles": [0.0, 0.2499999999999984, 0.490000000000002, 0.7699999999999996, 1.0300000000000011, 1.2399999999999998, 1.400000000000002, 1.5800000000000018, 1.7900000000000027, 2.030000000000001, 2.330000000000001, 2.620000000000001, 2.950000000000002, 3.26, 3.6499999999999986, 4.160000000000001, 4.88, 5.913500000000001, 7.877000000000002, 11.260000000000002, 32.260000000000005]}