{"heuristic_stride": 0.95, "heuristic_buckets": 7, "percentiles": [0.0, 0.48999999999999844, 0.8999999999999986, 1.2899999999999991, 1.7720000000000002, 2.3500000000000014, 3.003, 3.576999999999997, 4.103999999999997, 4.479999999999997, 4.754999999999999, 4.989999999999998, 5.329999999999998, 5.630000000000001, 6.006999999999997, 6.342500000000002, 6.758000000000006, 7.283499999999997, 8.099000000000002, 9.92, 32.81]}