{"heuristic_stride": 1.05, "heuristic_buckets": 2, "percentiles": [0.0, 0.10000000000000013, 0.240000000000002, 0.370000000000001, 0.5199999999999996, 0.6899999999999995, 0.8700000000000021, 1.0500000000000007, 1.2800000000000002, 1.5300000000000011, 1.8100000000000014, 2.1099999999999994, 2.3759999999999994, 2.7615000000000025, 3.2370000000000005, 3.922500000000001, 5.058000000000003, 6.256999999999998, 7.988999999999995, 11.924499999999998, 31.71]}