{"heuristic_stride": 0.7, "heuristic_buckets": 10, "percentiles": [0.0, 0.380000000000001, 0.8610000000000029, 1.3099999999999987, 1.8100000000000023, 2.419999999999998, 3.1000000000000014, 3.628499999999998, 4.130000000000001, 4.58, 4.934999999999999, 5.230500000000002, 5.509999999999998, 5.819999999999999, 6.196999999999997, 6.6, 6.98, 7.453499999999998, 8.190000000000001, 10.064499999999992, 32.709999999999994]}