{"heuristic_stride": 0.8, "heuristic_buckets": 3, "percentiles": [7.105427357601002e-15, 0.20549999999999796, 0.3500000000000014, 0.4965000000000005, 0.6699999999999988, 0.8200000000000003, 0.9900000000000002, 1.17, 1.3900000000000041, 1.6200000000000045, 1.9399999999999986, 2.1999999999999993, 2.5, 2.8999999999999986, 3.339999999999999, 3.9825000000000004, 4.984000000000004, 6.183499999999994, 8.280000000000005, 11.758999999999995, 31.860000000000003]}