{"heuristic_stride": 0.8, "heuristic_buckets": 5, "percentiles": [0.0, 0.3699999999999992, 0.6810000000000062, 1.0300000000000011, 1.3299999999999987, 1.6075000000000017, 1.8999999999999995, 2.1700000000000017, 2.3940000000000006, 2.609499999999993, 2.865000000000002, 3.1400000000000006, 3.4399999999999995, 3.790000000000002, 4.14, 4.539999999999999, 5.057999999999999, 6.010500000000002, 7.567000000000009, 11.04499999999998, 31.779999999999994]}