{"heuristic_stride": 0.85, "heuristic_buckets": 8, "percentiles": [0.019999999999999574, 0.4700000000000008, 0.9009999999999988, 1.3465000000000007, 1.740000000000002, 2.319999999999998, 3.0, 3.6069999999999975, 4.088000000000004, 4.510000000000002, 4.824999999999999, 5.060500000000001, 5.351999999999997, 5.679999999999996, 6.069999999999999, 6.440000000000002, 6.908, 7.3934999999999995, 8.230000000000004, 10.043499999999993, 32.86]}