{"heuristic_stride": 0.7, "heuristic_buckets": 5, "percentiles": [0.0, 0.2855000000000002, 0.5799999999999983, 0.9099999999999988, 1.1320000000000026, 1.3874999999999997, 1.6199999999999997, 1.8299999999999983, 2.0299999999999976, 2.25, 2.504999999999999, 2.8599999999999985, 3.1600000000000024, 3.5000000000000036, 3.7900000000000005, 4.292500000000001, 4.859999999999998, 5.77, 7.688999999999995, 11.059999999999999, 31.779999999999998]}