{"heuristic_stride": 0.05, "heuristic_buckets": 1, "percentiles": [0.0, 0.14000000000000057, 0.28999999999999915, 0.4300000000000009, 0.6220000000000032, 0.820000000000003, 1.0099999999999985, 1.1700000000000017, 1.3099999999999992, 1.4299999999999997, 1.5399999999999991, 1.6299999999999955, 1.8159999999999972, 2.1099999999999963, 2.9169999999999985, 4.120000000000001, 5.3180000000000005, 7.273499999999999, 9.476000000000003, 13.993499999999996, 45.7]}