{"heuristic_stride": 0.8, "heuristic_buckets": 2, "percentiles": [0.00999999999999801, 0.09000000000000125, 0.1800000000000007, 0.2699999999999996, 0.38000000000000256, 0.4900000000000002, 0.629999999999999, 0.8000000000000007, 1.0200000000000031, 1.2300000000000022, 1.4700000000000015, 1.7600000000000016, 2.1000000000000014, 2.490000000000002, 3.0669999999999984, 3.9299999999999997, 4.960000000000001, 6.0704999999999965, 7.995000000000003, 11.988999999999994, 31.860000000000003]}