{"heuristic_stride": 0.8, "heuristic_buckets": 10, "percentiles": [0.0, 0.4499999999999977, 0.9600000000000009, 1.4899999999999984, 2.1320000000000023, 2.8074999999999966, 3.460000000000001, 4.090000000000002, 4.610000000000001, 5.209500000000001, 5.720000000000002, 6.020500000000005, 6.340000000000002, 6.609999999999999, 6.979999999999997, 7.312500000000004, 7.750000000000001, 8.173500000000002, 8.938000000000004, 10.587999999999997, 29.950000000000003]}