{"heuristic_stride": 0.35, "heuristic_buckets": 9, "percentiles": [0.0, 0.22999999999999884, 0.519999999999996, 0.7600000000000002, 1.0220000000000047, 1.2199999999999989, 1.3699999999999986, 1.5399999999999991, 1.7299999999999978, 2.01, 2.325000000000002, 2.6099999999999928, 2.9, 3.2215, 3.6139999999999954, 4.1525, 4.898000000000003, 5.980499999999997, 7.989999999999998, 11.3645, 32.06]}