{"heuristic_stride": 1.3, "heuristic_buckets": 7, "percentiles": [0.010000000000001563, 0.7254999999999998, 1.2899999999999991, 1.8900000000000006, 2.5500000000000007, 3.1999999999999993, 3.878999999999998, 4.550000000000003, 5.200000000000003, 5.829500000000002, 6.4350000000000005, 6.930000000000001, 7.27, 7.57, 7.940000000000001, 8.342500000000001, 8.760000000000002, 9.273499999999999, 9.879000000000003, 11.219999999999999, 30.810000000000002]}