{"heuristic_stride": 0.6, "heuristic_buckets": 1, "percentiles": [0.0, 0.13000000000000078, 0.2699999999999996, 0.40000000000000036, 0.5520000000000036, 0.6700000000000017, 0.7899999999999991, 0.8999999999999986, 1.0000000000000007, 1.1099999999999994, 1.2699999999999996, 1.4499999999999993, 1.680000000000002, 2.0715000000000012, 2.989999999999999, 3.869999999999999, 4.970000000000002, 6.373499999999998, 8.23, 12.413499999999992, 32.46]}