{"heuristic_stride": 0.15, "heuristic_buckets": 3, "percentiles": [0.0, 0.13000000000000175, 0.28000000000000114, 0.41000000000000014, 0.5699999999999938, 0.7399999999999984, 0.8600000000000012, 0.9899999999999984, 1.0999999999999996, 1.1894999999999984, 1.2799999999999994, 1.4199999999999982, 1.6099999999999994, 1.9115000000000042, 2.74, 3.9025, 4.9399999999999995, 6.313500000000001, 8.289000000000001, 12.633499999999994, 33.69]}