{"heuristic_stride": 0.1, "heuristic_buckets": 6, "percentiles": [0.0, 0.13000000000000078, 0.25999999999999995, 0.40000000000000036, 0.5499999999999972, 0.6799999999999997, 0.8199999999999985, 0.9299999999999997, 1.0400000000000027, 1.129999999999999, 1.2449999999999974, 1.37, 1.5899999999999985, 1.9400000000000013, 2.776999999999999, 3.8799999999999994, 5.016000000000004, 6.333500000000002, 8.289000000000001, 12.447999999999992, 33.59]}