{"heuristic_stride": 1.1, "heuristic_buckets": 2, "percentiles": [0.0, 0.14000000000000057, 0.3000000000000025, 0.47999999999999915, 0.6399999999999998, 0.7774999999999963, 0.9299999999999997, 1.118499999999997, 1.3299999999999992, 1.5800000000000052, 1.8550000000000004, 2.1299999999999994, 2.476, 2.8300000000000014, 3.323999999999996, 3.9150000000000005, 4.938000000000003, 6.119999999999997, 8.221000000000005, 11.748999999999999, 32.46]}