{"heuristic_stride": 0.2, "heuristic_buckets": 2, "percentiles": [0.0, 0.1399999999999988, 0.27000000000000135, 0.41650000000000104, 0.5700000000000003, 0.7300000000000035, 0.8999999999999986, 1.0099999999999998, 1.120000000000001, 1.2100000000000009, 1.299999999999999, 1.4399999999999977, 1.6299999999999955, 1.951500000000003, 2.743999999999996, 3.905000000000002, 4.966000000000003, 6.310499999999999, 8.338000000000003, 12.647999999999993, 33.49000000000001]}