{"heuristic_stride": 0.3, "heuristic_buckets": 1, "percentiles": [0.0, 0.1399999999999985, 0.28999999999999915, 0.4299999999999997, 0.5899999999999999, 0.759999999999998, 0.9130000000000016, 1.028499999999999, 1.1600000000000001, 1.2700000000000031, 1.37, 1.46, 1.6499999999999986, 1.9500000000000028, 2.6779999999999906, 3.839999999999997, 4.926000000000014, 6.429999999999999, 8.349000000000002, 12.643499999999996, 33.39]}