{"heuristic_stride": 0.6, "heuristic_buckets": 9, "percentiles": [0.010000000000001563, 0.596999999999998, 0.9970000000000006, 1.4425000000000008, 1.857999999999997, 2.3049999999999993, 2.75, 3.1600000000000037, 3.387999999999998, 3.631499999999999, 3.789999999999999, 4.02, 4.389999999999997, 4.836499999999999, 5.198, 5.482500000000001, 5.8420000000000005, 6.639500000000001, 7.766, 10.1445, 25.109999999999992]}