{"heuristic_stride": 0.35, "heuristic_buckets": 5, "percentiles": [0.0, 0.07000000000000028, 0.15000000000000036, 0.2500000000000018, 0.3500000000000014, 0.4799999999999982, 0.6400000000000006, 0.8599999999999991, 1.020000000000001, 1.2299999999999995, 1.4749999999999988, 1.7899999999999991, 2.085999999999998, 2.4915000000000016, 3.120000000000001, 3.869999999999998, 4.906000000000001, 6.120499999999998, 7.868000000000004, 11.924499999999998, 32.06]}