{"heuristic_stride": 0.75, "heuristic_buckets": 2, "percentiles": [0.0, 0.08999999999999986, 0.17999999999999972, 0.2699999999999996, 0.35999999999999943, 0.48999999999999844, 0.620000000000001, 0.7800000000000011, 0.9540000000000031, 1.1799999999999997, 1.415, 1.6799999999999997, 2.0459999999999985, 2.4515000000000033, 3.119999999999999, 3.8200000000000003, 4.82, 5.960000000000001, 7.849, 11.8845, 32.31]}