{"heuristic_stride": 0.3, "heuristic_buckets": 6, "percentiles": [0.0, 0.0800000000000054, 0.1600000000000037, 0.25, 0.36999999999999744, 0.49749999999999783, 0.6499999999999986, 0.860000000000001, 1.0499999999999972, 1.2399999999999984, 1.4899999999999984, 1.7899999999999991, 2.0859999999999985, 2.4899999999999984, 3.0700000000000003, 3.8200000000000003, 4.862000000000011, 6.099999999999999, 7.718000000000001, 11.8945, 32.160000000000004]}