{"heuristic_stride": 0.5, "heuristic_buckets": 3, "percentiles": [0.0, 0.0799999999999983, 0.16000000000000014, 0.25, 0.35999999999999943, 0.46999999999999886, 0.5799999999999983, 0.75, 0.9200000000000017, 1.1599999999999966, 1.3949999999999996, 1.6600000000000001, 1.9859999999999993, 2.441500000000002, 3.1400000000000006, 3.8774999999999977, 4.958000000000002, 6.170000000000002, 7.909000000000001, 11.845999999999986, 32.06]}