{"heuristic_stride": 1.0, "heuristic_buckets": 4, "percentiles": [0.0, 0.3800000000000018, 0.7199999999999989, 1.0399999999999991, 1.3699999999999974, 1.6600000000000001, 1.899999999999999, 2.120000000000001, 2.379999999999999, 2.6000000000000014, 2.84, 3.1499999999999986, 3.496, 3.7715000000000036, 4.16, 4.559999999999999, 5.088000000000001, 6.033499999999999, 7.578999999999999, 10.82749999999997, 31.979999999999997]}