{"heuristic_stride": 0.05, "heuristic_buckets": 4, "percentiles": [0.0, 0.1299999999999974, 0.2900000000000009, 0.4399999999999995, 0.5999999999999996, 0.7799999999999994, 0.9600000000000009, 1.1000000000000074, 1.2499999999999942, 1.3499999999999996, 1.4299999999999997, 1.5399999999999991, 1.7200000000000006, 2.0199999999999965, 2.7309999999999963, 3.8325, 5.036000000000003, 6.586999999999999, 8.767000000000003, 13.261499999999984, 51.08]}