{"heuristic_stride": 0.95, "heuristic_buckets": 8, "percentiles": [0.010000000000001563, 0.51, 0.9399999999999981, 1.4665000000000017, 2.0499999999999976, 2.6574999999999975, 3.369999999999999, 3.9369999999999963, 4.52, 4.919999999999998, 5.4350000000000005, 5.76, 6.055999999999996, 6.3315, 6.649999999999999, 7.09, 7.459999999999999, 7.903499999999999, 8.709, 10.353499999999991, 31.58]}