{"heuristic_stride": 0.35, "heuristic_buckets": 2, "percentiles": [0.0, 0.11999999999999841, 0.23000000000000043, 0.370000000000001, 0.5299999999999951, 0.6600000000000001, 0.7700000000000019, 0.8700000000000045, 0.9800000000000004, 1.0899999999999996, 1.2199999999999989, 1.3905000000000056, 1.636, 2.0699999999999967, 2.9569999999999967, 3.8850000000000016, 5.036000000000002, 6.340499999999999, 8.158000000000001, 12.3845, 32.09]}