{"heuristic_stride": 0.85, "heuristic_buckets": 4, "percentiles": [0.0, 0.28000000000000114, 0.5999999999999979, 0.8900000000000006, 1.1399999999999977, 1.3800000000000021, 1.58, 1.8000000000000003, 2.039999999999999, 2.2594999999999987, 2.495000000000001, 2.8099999999999987, 3.1000000000000014, 3.469999999999999, 3.810000000000001, 4.3025, 4.879999999999999, 5.760000000000001, 7.729999999999997, 10.9645, 31.93]}