{"heuristic_stride": 0.25, "heuristic_buckets": 6, "percentiles": [0.0, 0.08000000000000007, 0.16999999999999993, 0.25, 0.33999999999999986, 0.46000000000000085, 0.5800000000000001, 0.7400000000000002, 0.8999999999999986, 1.1294999999999997, 1.3750000000000009, 1.6099999999999994, 1.9399999999999995, 2.421500000000001, 3.123999999999996, 3.852500000000001, 4.949999999999999, 6.126999999999999, 7.707000000000003, 11.8845, 32.06]}