{"heuristic_stride": 1.1, "heuristic_buckets": 10, "percentiles": [0.010000000000001563, 0.6354999999999964, 1.3310000000000022, 2.126500000000003, 3.076000000000001, 3.9224999999999994, 4.533000000000001, 5.396999999999998, 6.224000000000001, 6.970000000000002, 7.595000000000002, 8.350000000000001, 8.826, 9.21, 9.57, 9.96, 10.459999999999997, 10.860000000000003, 11.589000000000002, 12.927999999999997, 28.810000000000002]}