{"heuristic_stride": 1.3, "heuristic_buckets": 1, "percentiles": [0.0, 0.10000000000000142, 0.2310000000000001, 0.34999999999999787, 0.4499999999999993, 0.5599999999999978, 0.7029999999999996, 0.8200000000000003, 0.9540000000000026, 1.1499999999999986, 1.4200000000000017, 1.7005000000000046, 2.009999999999998, 2.4900000000000007, 3.16, 3.960000000000002, 4.998000000000001, 6.2535, 8.157000000000002, 11.958999999999996, 32.58]}