{"heuristic_stride": 1.15, "heuristic_buckets": 4, "percentiles": [3.552713678800501e-15, 0.4099999999999966, 0.8200000000000003, 1.2499999999999996, 1.6099999999999968, 1.9974999999999978, 2.303, 2.5999999999999996, 2.83, 3.0600000000000023, 3.3299999999999965, 3.5799999999999983, 3.8900000000000006, 4.220000000000001, 4.529999999999999, 4.97, 5.57, 6.3569999999999975, 7.699000000000001, 10.668999999999995, 31.479999999999997]}