{"heuristic_stride": 0.7, "heuristic_buckets": 3, "percentiles": [0.0, 0.129999999999999, 0.2699999999999996, 0.379999999999999, 0.5200000000000002, 0.669999999999999, 0.8299999999999983, 0.9800000000000004, 1.199999999999997, 1.4800000000000004, 1.7299999999999969, 2.0, 2.3359999999999963, 2.6830000000000025, 3.256999999999997, 3.9499999999999997, 5.046000000000005, 6.2034999999999965, 8.158000000000001, 11.913499999999996, 32.09]}