{"heuristic_stride": 1.1, "heuristic_buckets": 5, "percentiles": [0.0, 0.4399999999999997, 0.8520000000000046, 1.2700000000000025, 1.6999999999999993, 2.1900000000000013, 2.5899999999999963, 3.0184999999999986, 3.354000000000002, 3.6594999999999978, 3.9300000000000015, 4.190500000000006, 4.540000000000002, 4.941500000000002, 5.280000000000001, 5.652500000000004, 6.070000000000004, 6.699999999999999, 7.498000000000002, 10.458999999999996, 31.979999999999997]}