{"heuristic_stride": 1.25, "heuristic_buckets": 4, "percentiles": [0.0, 0.4754999999999987, 0.9100000000000001, 1.3599999999999994, 1.6700000000000017, 2.057499999999999, 2.41, 2.789999999999999, 3.0340000000000016, 3.2600000000000016, 3.539999999999999, 3.8099999999999987, 4.141999999999999, 4.539999999999999, 4.920000000000002, 5.300000000000001, 5.84, 6.489999999999998, 7.559999999999999, 10.058999999999997, 31.729999999999997]}