{"heuristic_stride": 0.3, "heuristic_buckets": 8, "percentiles": [0.00999999999999801, 0.16000000000000014, 0.33000000000000024, 0.4764999999999999, 0.6099999999999994, 0.759999999999998, 0.8999999999999989, 1.0599999999999987, 1.270000000000001, 1.5, 1.8099999999999987, 2.099999999999998, 2.4299999999999997, 2.7815000000000016, 3.2999999999999985, 3.9024999999999985, 5.008000000000002, 6.25, 8.213000000000008, 11.7745, 32.160000000000004]}