{"heuristic_stride": 1.0, "heuristic_buckets": 6, "percentiles": [0.0, 0.42550000000000077, 0.8500000000000014, 1.3299999999999983, 1.8099999999999994, 2.2775000000000016, 2.8099999999999987, 3.2869999999999977, 3.6799999999999997, 3.9800000000000004, 4.32, 4.560500000000005, 4.850000000000001, 5.2, 5.550000000000001, 5.920000000000002, 6.328000000000001, 6.8500000000000005, 7.791000000000009, 10.115999999999985, 31.979999999999997]}