{"heuristic_stride": 0.3, "heuristic_buckets": 9, "percentiles": [0.00999999999999801, 0.22999999999999965, 0.41100000000000336, 0.5899999999999999, 0.7899999999999991, 0.9399999999999995, 1.0899999999999999, 1.2600000000000013, 1.4399999999999977, 1.709999999999997, 1.9800000000000004, 2.2905000000000006, 2.6, 2.9200000000000017, 3.426999999999998, 4.0024999999999995, 4.918, 6.183499999999999, 8.176, 11.65449999999996, 32.160000000000004]}