{"heuristic_stride": 0.25, "heuristic_buckets": 2, "percentiles": [0.0, 0.14000000000000057, 0.2600000000000019, 0.3999999999999986, 0.54, 0.7100000000000009, 0.8599999999999994, 0.9600000000000009, 1.0599999999999992, 1.1700000000000015, 1.2699999999999996, 1.3999999999999986, 1.5700000000000003, 1.9399999999999984, 2.716999999999998, 3.8699999999999974, 4.922000000000007, 6.303999999999995, 8.337000000000003, 12.438999999999997, 33.59]}