{"heuristic_stride": 0.75, "heuristic_buckets": 8, "percentiles": [0.009999999999999787, 0.4455000000000003, 0.8799999999999993, 1.336500000000002, 1.7720000000000031, 2.307499999999999, 2.8530000000000006, 3.2599999999999993, 3.66, 4.02, 4.27, 4.539999999999999, 4.800000000000001, 5.1015000000000015, 5.49, 5.8925, 6.2680000000000025, 6.793499999999998, 7.719, 10.142499999999991, 31.729999999999997]}