{"heuristic_stride": 0.55, "heuristic_buckets": 9, "percentiles": [1.7763568394002505e-15, 0.4099999999999976, 0.8399999999999963, 1.2264999999999997, 1.5820000000000012, 1.9674999999999994, 2.3329999999999993, 2.6900000000000044, 2.974000000000001, 3.210000000000001, 3.420000000000001, 3.680500000000003, 4.010000000000003, 4.370000000000002, 4.770000000000001, 5.152500000000002, 5.710000000000001, 6.350000000000001, 7.648999999999999, 10.5045, 31.979999999999997]}