{"heuristic_stride": 0.05, "heuristic_buckets": 7, "percentiles": [0.0, 0.14000000000000057, 0.2810000000000012, 0.4299999999999997, 0.5799999999999983, 0.759999999999998, 0.9200000000000002, 1.0500000000000007, 1.1700000000000008, 1.25, 1.339999999999999, 1.4699999999999989, 1.6259999999999981, 1.941499999999999, 2.6400000000000006, 3.8200000000000003, 4.848000000000002, 6.380499999999996, 8.41900000000001, 12.697999999999992, 33.540000000000006]}