{"heuristic_stride": 0.1, "heuristic_buckets": 3, "percentiles": [0.0, 0.14000000000000057, 0.2810000000000012, 0.43649999999999883, 0.5800000000000002, 0.7699999999999996, 0.9199999999999999, 1.0600000000000003, 1.1899999999999995, 1.2800000000000011, 1.370000000000001, 1.4799999999999969, 1.6359999999999983, 1.9699999999999989, 2.6369999999999987, 3.834999999999999, 4.899999999999999, 6.476999999999999, 8.488999999999999, 12.77, 33.49000000000001]}