{"heuristic_stride": 1.3, "heuristic_buckets": 5, "percentiles": [0.0, 0.4654999999999999, 0.8810000000000022, 1.3165000000000007, 1.7699999999999996, 2.3, 2.920000000000001, 3.530000000000001, 3.994000000000002, 4.3595, 4.670000000000001, 4.900000000000002, 5.220000000000001, 5.580000000000002, 5.920000000000002, 6.322500000000002, 6.77, 7.233499999999999, 8.049, 9.837999999999994, 32.58]}