{"heuristic_stride": 1.1, "heuristic_buckets": 9, "percentiles": [0.019999999999999574, 0.7099999999999993, 1.3599999999999965, 2.020000000000007, 2.6999999999999993, 3.4499999999999993, 4.133000000000001, 4.767000000000002, 5.594000000000005, 6.279500000000002, 6.94, 7.48, 7.910000000000005, 8.25, 8.540000000000003, 8.962500000000004, 9.408000000000003, 9.923500000000002, 10.598000000000004, 11.897999999999993, 29.91000000000001]}