{"heuristic_stride": 0.75, "heuristic_buckets": 10, "percentiles": [0.0, 0.4500000000000013, 0.9200000000000017, 1.4029999999999974, 1.9800000000000004, 2.62, 3.3629999999999987, 3.9200000000000017, 4.424000000000002, 4.890000000000001, 5.234999999999999, 5.62, 5.920000000000002, 6.201500000000001, 6.566999999999998, 6.92, 7.350000000000001, 7.803499999999996, 8.579999999999998, 10.24799999999999, 32.61]}