{"heuristic_stride": 0.1, "heuristic_buckets": 7, "percentiles": [0.0, 0.10999999999999993, 0.23999999999999844, 0.396499999999999, 0.5300000000000011, 0.6500000000000012, 0.7700000000000031, 0.898499999999998, 1.009999999999998, 1.0999999999999979, 1.2299999999999969, 1.3800000000000008, 1.6000000000000014, 2.011500000000002, 2.8600000000000043, 3.9124999999999974, 4.9300000000000015, 6.316999999999997, 8.160000000000002, 12.347999999999992, 32.160000000000004]}