{"heuristic_stride": 0.35, "heuristic_buckets": 6, "percentiles": [0.0, 0.11999999999999744, 0.2400000000000002, 0.33999999999999986, 0.4499999999999993, 0.6099999999999994, 0.7899999999999991, 0.9700000000000004, 1.170000000000003, 1.3595, 1.6799999999999997, 1.9600000000000009, 2.24, 2.6499999999999986, 3.146999999999997, 3.909999999999999, 5.114000000000006, 6.216999999999997, 8.10900000000001, 12.013499999999997, 32.06]}