{"heuristic_stride": 0.45, "heuristic_buckets": 3, "percentiles": [0.0, 0.08999999999999826, 0.1899999999999995, 0.2699999999999996, 0.379999999999999, 0.46999999999999886, 0.5700000000000003, 0.7384999999999954, 0.8940000000000008, 1.0800000000000018, 1.3200000000000003, 1.5600000000000005, 1.8960000000000012, 2.361500000000001, 3.086999999999999, 3.822499999999997, 4.87, 6.07, 7.909000000000001, 11.879999999999999, 32.31]}