{"heuristic_stride": 0.4, "heuristic_buckets": 6, "percentiles": [0.00999999999999801, 0.18000000000000443, 0.33999999999999986, 0.5, 0.6300000000000026, 0.7799999999999967, 0.9329999999999998, 1.0899999999999999, 1.3000000000000007, 1.5799999999999998, 1.8299999999999992, 2.16, 2.4400000000000004, 2.7800000000000002, 3.2900000000000027, 3.8799999999999963, 4.960000000000001, 6.220499999999998, 8.231000000000009, 11.769999999999996, 32.260000000000005]}