{"heuristic_stride": 0.25, "heuristic_buckets": 3, "percentiles": [0.0, 0.11000000000000032, 0.23999999999999844, 0.37999999999999956, 0.5200000000000002, 0.6599999999999966, 0.7400000000000002, 0.8399999999999999, 0.9699999999999989, 1.0600000000000023, 1.2100000000000009, 1.3900000000000006, 1.63, 2.0630000000000015, 2.9069999999999983, 3.8625, 4.958000000000003, 6.313499999999999, 8.158000000000001, 12.361499999999985, 32.06]}