{"heuristic_stride": 0.35, "heuristic_buckets": 7, "percentiles": [0.0, 0.18999999999999773, 0.33999999999999647, 0.4900000000000002, 0.6400000000000006, 0.7799999999999976, 0.9399999999999988, 1.1099999999999994, 1.3100000000000005, 1.6000000000000014, 1.8800000000000008, 2.1599999999999984, 2.469999999999999, 2.7815000000000016, 3.3069999999999977, 3.932499999999999, 4.888000000000002, 6.196999999999997, 8.027999999999999, 11.872499999999992, 32.06]}