{"heuristic_stride": 0.2, "heuristic_buckets": 9, "percentiles": [0.0, 0.0799999999999983, 0.16000000000000014, 0.240000000000002, 0.3500000000000014, 0.4799999999999969, 0.6400000000000006, 0.8299999999999983, 1.0140000000000038, 1.2100000000000009, 1.4649999999999999, 1.740000000000002, 2.086, 2.511500000000003, 3.1000000000000005, 3.875000000000001, 4.878, 6.113499999999999, 7.891000000000007, 11.899999999999999, 32.06]}