{"heuristic_stride": 1.1, "heuristic_buckets": 1, "percentiles": [0.0, 0.10000000000000023, 0.20000000000000284, 0.31000000000000016, 0.4200000000000017, 0.5499999999999989, 0.6699999999999957, 0.7700000000000011, 0.9140000000000024, 1.0799999999999983, 1.280000000000002, 1.5500000000000007, 1.8400000000000007, 2.331500000000001, 3.0569999999999995, 3.899999999999999, 4.8700000000000045, 6.063499999999999, 8.254000000000003, 11.808499999999976, 32.46]}