{"heuristic_stride": 0.1, "heuristic_buckets": 10, "percentiles": [0.0, 0.11999999999999941, 0.240000000000002, 0.34999999999999964, 0.46200000000000097, 0.5700000000000003, 0.6899999999999995, 0.7899999999999991, 0.9099999999999984, 1.0300000000000011, 1.205, 1.4100000000000001, 1.6800000000000002, 2.159999999999997, 3.039999999999999, 3.895, 4.938000000000006, 6.370499999999998, 8.153000000000004, 12.2045, 32.160000000000004]}