{"heuristic_stride": 0.45, "heuristic_buckets": 1, "percentiles": [0.0, 0.129999999999999, 0.28000000000000114, 0.3999999999999997, 0.5299999999999979, 0.6900000000000013, 0.8300000000000018, 0.9584999999999972, 1.0700000000000003, 1.1700000000000017, 1.2799999999999994, 1.4299999999999997, 1.6400000000000006, 1.9899999999999984, 2.817000000000003, 3.8699999999999983, 4.976000000000004, 6.436999999999998, 8.329999999999998, 12.54249999999999, 33.69]}