{"heuristic_stride": 1.2, "heuristic_buckets": 9, "percentiles": [0.010000000000001563, 0.6955000000000015, 1.4199999999999986, 2.0364999999999993, 2.8819999999999997, 3.8400000000000025, 4.522999999999999, 5.34, 6.0600000000000005, 6.869500000000001, 7.554999999999998, 8.170500000000004, 8.67, 9.0115, 9.337, 9.692499999999999, 10.17, 10.693499999999998, 11.36, 12.869999999999997, 29.00999999999999]}