{"heuristic_stride": 0.65, "heuristic_buckets": 9, "percentiles": [0.0, 0.35999999999999943, 0.8499999999999999, 1.2700000000000025, 1.7799999999999983, 2.249999999999999, 2.700000000000001, 3.1469999999999976, 3.55, 3.8599999999999994, 4.14, 4.39, 4.73, 5.050000000000001, 5.420000000000001, 5.760000000000002, 6.200000000000001, 6.710000000000002, 7.710000000000001, 10.64699999999999, 31.929999999999996]}