{"heuristic_stride": 1.25, "heuristic_buckets": 2, "percentiles": [0.0, 0.19000000000000128, 0.3999999999999986, 0.5599999999999987, 0.7300000000000004, 0.9100000000000001, 1.1000000000000014, 1.3000000000000007, 1.5300000000000011, 1.8100000000000005, 2.0449999999999986, 2.3599999999999994, 2.6000000000000005, 3.001500000000001, 3.479999999999999, 4.012499999999998, 5.008, 6.173500000000001, 8.079, 11.68, 32.29]}