{"heuristic_stride": 0.9, "heuristic_buckets": 2, "percentiles": [0.0, 0.10000000000000142, 0.20100000000000057, 0.3299999999999983, 0.4499999999999993, 0.5874999999999999, 0.75, 0.9184999999999981, 1.1140000000000017, 1.3399999999999999, 1.5899999999999999, 1.820500000000002, 2.16, 2.5415, 3.030000000000001, 3.849999999999996, 4.970000000000002, 6.120499999999997, 7.987000000000004, 11.922499999999994, 32.17999999999999]}