{"heuristic_stride": 0.25, "heuristic_buckets": 5, "percentiles": [0.0, 0.11999999999999744, 0.21000000000000085, 0.3000000000000007, 0.41000000000000014, 0.5, 0.5799999999999983, 0.6999999999999993, 0.8499999999999996, 1.0500000000000007, 1.2199999999999998, 1.4800000000000004, 1.7800000000000011, 2.2330000000000023, 3.126999999999997, 3.8025, 4.918000000000002, 6.22, 7.909000000000001, 11.938999999999997, 32.06]}