{"heuristic_stride": 0.45, "heuristic_buckets": 6, "percentiles": [3.552713678800501e-15, 0.21000000000000085, 0.4299999999999997, 0.6099999999999994, 0.7900000000000013, 0.9575000000000014, 1.110000000000004, 1.2699999999999991, 1.459999999999998, 1.730000000000004, 2.0199999999999996, 2.3000000000000007, 2.6000000000000014, 3.001500000000001, 3.4669999999999974, 4.0024999999999995, 4.878000000000001, 6.0699999999999985, 8.138000000000003, 11.351499999999987, 32.31]}