{"heuristic_stride": 0.45, "heuristic_buckets": 10, "percentiles": [3.552713678800501e-15, 0.35549999999999654, 0.7300000000000009, 1.116499999999998, 1.4200000000000017, 1.8000000000000003, 2.1099999999999994, 2.3900000000000006, 2.644000000000002, 2.87, 3.0700000000000003, 3.379999999999999, 3.6999999999999997, 4.049999999999999, 4.370000000000001, 4.73, 5.329999999999998, 6.16, 7.680000000000003, 10.71, 31.729999999999997]}