{"heuristic_stride": 1.15, "heuristic_buckets": 2, "percentiles": [0.0, 0.19000000000000128, 0.33999999999999986, 0.5100000000000051, 0.6799999999999997, 0.8074999999999974, 1.019999999999996, 1.1799999999999997, 1.3800000000000026, 1.639999999999997, 1.8799999999999981, 2.1805000000000017, 2.4859999999999984, 2.839999999999998, 3.427999999999991, 3.969999999999999, 4.960000000000001, 6.1435, 8.059000000000001, 11.710499999999982, 32.160000000000004]}