{"heuristic_stride": 0.45, "heuristic_buckets": 5, "percentiles": [0.0, 0.12999999999999545, 0.28000000000000114, 0.4299999999999997, 0.5700000000000003, 0.6900000000000013, 0.8300000000000018, 1.0200000000000031, 1.2200000000000013, 1.4894999999999992, 1.7600000000000011, 2.08, 2.3500000000000014, 2.7415000000000016, 3.2869999999999977, 3.9099999999999993, 5.040000000000007, 6.24, 7.977999999999999, 11.831499999999984, 32.31]}