{"heuristic_stride": 1.05, "heuristic_buckets": 1, "percentiles": [0.0, 0.10999999999999943, 0.22000000000000278, 0.3299999999999983, 0.4399999999999977, 0.5599999999999987, 0.6999999999999993, 0.8200000000000003, 0.9600000000000009, 1.0899999999999999, 1.2500000000000018, 1.4900000000000002, 1.7800000000000011, 2.2500000000000004, 3.1100000000000003, 3.9024999999999994, 4.890000000000001, 6.190499999999997, 8.136000000000005, 12.099999999999998, 31.71]}