{"heuristic_stride": 0.3, "heuristic_buckets": 3, "percentiles": [0.0, 0.10999999999999943, 0.25, 0.3600000000000023, 0.479999999999999, 0.6000000000000014, 0.7199999999999989, 0.8000000000000007, 0.9100000000000001, 1.0494999999999979, 1.2100000000000004, 1.4000000000000021, 1.6759999999999982, 2.16, 3.0199999999999996, 3.8599999999999994, 4.938000000000002, 6.360000000000002, 8.169000000000002, 12.254999999999983, 32.160000000000004]}