{"heuristic_stride": 0.65, "heuristic_buckets": 4, "percentiles": [0.00999999999999801, 0.22000000000000436, 0.4200000000000017, 0.5999999999999996, 0.770000000000001, 0.9299999999999997, 1.0729999999999993, 1.25, 1.4600000000000009, 1.690000000000001, 1.9900000000000002, 2.3000000000000007, 2.576000000000001, 2.9499999999999993, 3.4769999999999994, 4.012499999999999, 4.858000000000001, 6.203499999999998, 8.103000000000005, 11.6645, 31.99]}