{"heuristic_stride": 0.95, "heuristic_buckets": 3, "percentiles": [0.0, 0.250000000000001, 0.5, 0.7099999999999984, 0.9200000000000017, 1.1200000000000037, 1.3299999999999983, 1.5299999999999971, 1.7100000000000009, 1.9500000000000028, 2.219999999999999, 2.5099999999999985, 2.78, 3.1199999999999974, 3.5669999999999966, 4.109999999999994, 4.976000000000001, 5.98, 8.049000000000001, 11.4145, 32.410000000000004]}