{"heuristic_stride": 1.25, "heuristic_buckets": 1, "percentiles": [0.0, 0.09999999999999964, 0.20000000000000046, 0.3200000000000003, 0.4400000000000013, 0.5774999999999988, 0.7100000000000009, 0.8100000000000003, 0.9640000000000011, 1.1499999999999986, 1.3900000000000006, 1.6305000000000043, 1.9600000000000009, 2.379999999999999, 3.0469999999999984, 3.8775000000000004, 4.828000000000001, 6.140000000000001, 8.016000000000005, 12.07, 32.29]}