{"heuristic_stride": 0.4, "heuristic_buckets": 2, "percentiles": [0.0, 0.10999999999999943, 0.259999999999998, 0.39000000000000057, 0.5299999999999997, 0.6300000000000008, 0.7400000000000002, 0.840000000000003, 0.9400000000000002, 1.0600000000000005, 1.2299999999999978, 1.390500000000009, 1.6400000000000006, 2.131500000000003, 2.9300000000000024, 3.8299999999999983, 5.038000000000007, 6.388499999999988, 8.19, 12.383499999999993, 32.260000000000005]}