{"heuristic_stride": 1.05, "heuristic_buckets": 3, "percentiles": [0.0, 0.29549999999999976, 0.6210000000000038, 0.8799999999999977, 1.0800000000000003, 1.2799999999999994, 1.4600000000000009, 1.6700000000000017, 1.8800000000000008, 2.1500000000000012, 2.410000000000002, 2.709999999999994, 3.0500000000000007, 3.350000000000001, 3.74, 4.182500000000002, 4.86, 5.859999999999999, 7.788000000000002, 10.982499999999993, 31.429999999999996]}