{"heuristic_stride": 0.05, "heuristic_buckets": 8, "percentiles": [0.0, 0.1399999999999988, 0.28000000000000114, 0.41649999999999754, 0.5620000000000024, 0.740000000000002, 0.9099999999999966, 1.0200000000000011, 1.1399999999999988, 1.2199999999999989, 1.3000000000000007, 1.4299999999999997, 1.6359999999999961, 1.9500000000000013, 2.75, 3.9000000000000012, 4.932000000000005, 6.399999999999999, 8.439000000000002, 12.699999999999996, 33.59]}