{"heuristic_stride": 1.1, "heuristic_buckets": 3, "percentiles": [0.0, 0.28000000000000314, 0.5600000000000023, 0.8399999999999999, 1.09, 1.320000000000003, 1.532999999999999, 1.7600000000000016, 1.9540000000000024, 2.2100000000000026, 2.4949999999999974, 2.8000000000000007, 3.0799999999999983, 3.431500000000002, 3.786999999999999, 4.280000000000001, 4.838000000000001, 5.757499999999995, 7.524000000000003, 11.060000000000002, 32.46]}