{"heuristic_stride": 1.3, "heuristic_buckets": 10, "percentiles": [0.0, 0.8655, 1.5510000000000035, 2.4565, 3.8320000000000016, 4.84, 5.629999999999997, 6.4285, 7.144000000000002, 8.050000000000004, 8.930000000000001, 9.93, 10.636, 11.071500000000004, 11.396999999999998, 11.81, 12.22, 12.7135, 13.399999999999999, 14.510000000000002, 27.14]}