{"heuristic_stride": 0.2, "heuristic_buckets": 3, "percentiles": [0.0, 0.11999999999999941, 0.2599999999999999, 0.39000000000000057, 0.5520000000000008, 0.6774999999999989, 0.8099999999999992, 0.9200000000000006, 1.0199999999999996, 1.1199999999999992, 1.240000000000002, 1.3799999999999955, 1.6059999999999994, 1.9600000000000004, 2.830000000000002, 3.869999999999999, 4.990000000000002, 6.3569999999999975, 8.239, 12.392499999999988, 33.69]}