{"heuristic_stride": 0.1, "heuristic_buckets": 9, "percentiles": [8.881784197001252e-16, 0.09999999999999884, 0.23000000000000043, 0.3600000000000009, 0.48999999999999844, 0.6099999999999994, 0.7099999999999973, 0.8199999999999993, 0.9200000000000017, 1.04, 1.1999999999999993, 1.3800000000000008, 1.6400000000000006, 2.131500000000001, 2.960000000000001, 3.9025000000000007, 5.024000000000005, 6.414499999999995, 8.184000000000003, 12.288999999999994, 32.160000000000004]}