{"heuristic_stride": 0.2, "heuristic_buckets": 8, "percentiles": [0.0, 0.07000000000000028, 0.16000000000000014, 0.25, 0.3600000000000001, 0.46000000000000085, 0.61, 0.779999999999997, 0.9400000000000026, 1.1700000000000017, 1.415000000000001, 1.67050000000001, 2.0599999999999987, 2.4700000000000024, 3.150000000000002, 3.9299999999999997, 4.9, 6.09, 7.750000000000009, 11.899999999999999, 32.06]}