{"heuristic_stride": 0.9, "heuristic_buckets": 4, "percentiles": [0.0, 0.32550000000000123, 0.6610000000000034, 0.9600000000000009, 1.220000000000001, 1.4774999999999991, 1.7099999999999977, 1.9200000000000015, 2.0900000000000003, 2.3100000000000005, 2.5900000000000016, 2.8999999999999995, 3.2300000000000004, 3.5699999999999985, 3.9000000000000004, 4.34, 4.920000000000001, 5.82, 7.57, 11.008999999999997, 32.17999999999999]}