{"heuristic_stride": 0.15, "heuristic_buckets": 5, "percentiles": [0.0, 0.09999999999999964, 0.25, 0.39000000000000057, 0.5199999999999996, 0.6500000000000004, 0.7600000000000016, 0.8599999999999994, 0.9700000000000006, 1.0799999999999983, 1.2100000000000009, 1.370000000000001, 1.6099999999999994, 2.0299999999999976, 2.9000000000000017, 3.882500000000002, 4.940000000000003, 6.297499999999996, 8.188, 12.36, 32.010000000000005]}