{"heuristic_stride": 0.75, "heuristic_buckets": 7, "percentiles": [0.0, 0.4400000000000013, 0.8299999999999983, 1.2699999999999996, 1.6700000000000002, 2.039999999999999, 2.472999999999998, 2.8200000000000003, 3.1640000000000015, 3.3999999999999986, 3.6400000000000006, 3.900500000000002, 4.245999999999999, 4.629999999999999, 5.020000000000003, 5.42, 5.868000000000001, 6.5535, 7.458000000000002, 10.358999999999998, 31.729999999999997]}