{"heuristic_stride": 0.1, "heuristic_buckets": 1, "percentiles": [0.0, 0.1455000000000028, 0.29000000000000004, 0.43000000000000327, 0.6100000000000003, 0.7899999999999991, 0.9829999999999994, 1.1500000000000001, 1.2799999999999976, 1.3999999999999986, 1.504999999999999, 1.5999999999999999, 1.770000000000001, 2.09, 2.8, 3.9324999999999997, 5.168000000000003, 6.843999999999996, 8.996, 13.72349999999999, 51.08]}