{"heuristic_stride": 0.85, "heuristic_buckets": 3, "percentiles": [0.0, 0.23550000000000104, 0.4200000000000017, 0.5999999999999979, 0.759999999999998, 0.9275000000000002, 1.0800000000000005, 1.2599999999999993, 1.459999999999995, 1.7000000000000026, 2.0, 2.2900000000000005, 2.6099999999999994, 2.9399999999999995, 3.4199999999999995, 3.9725, 4.9020000000000055, 6.127000000000002, 8.139000000000001, 11.653999999999979, 32.260000000000005]}