{"heuristic_stride": 0.75, "heuristic_buckets": 5, "percentiles": [0.0, 0.3410000000000002, 0.6999999999999993, 0.9799999999999992, 1.2600000000000016, 1.5074999999999985, 1.7600000000000016, 1.9699999999999998, 2.174000000000002, 2.4094999999999973, 2.6899999999999986, 2.9699999999999998, 3.3100000000000005, 3.659999999999997, 3.969999999999999, 4.432499999999999, 4.958000000000002, 5.9635, 7.559, 11.008999999999997, 31.729999999999997]}