{"heuristic_stride": 0.8, "heuristic_buckets": 6, "percentiles": [7.105427357601002e-15, 0.4299999999999946, 0.8599999999999923, 1.2699999999999982, 1.6399999999999977, 2.0100000000000007, 2.370000000000001, 2.6185000000000005, 2.900000000000002, 3.159500000000001, 3.380000000000001, 3.650000000000002, 3.9399999999999995, 4.329999999999998, 4.679999999999999, 5.08, 5.650000000000001, 6.36, 7.599000000000002, 10.509499999999976, 31.779999999999994]}