{"heuristic_stride": 1.15, "heuristic_buckets": 5, "percentiles": [0.0, 0.42000000000000093, 0.8900000000000006, 1.3365000000000005, 1.7619999999999982, 2.274999999999996, 2.740000000000002, 3.190000000000001, 3.6199999999999983, 3.929499999999997, 4.204999999999998, 4.479999999999993, 4.739999999999999, 5.089999999999996, 5.409999999999999, 5.760000000000001, 6.219999999999995, 6.8199999999999985, 7.659999999999999, 10.353499999999993, 31.479999999999997]}