{"heuristic_stride": 0.45, "heuristic_buckets": 9, "percentiles": [0.0, 0.3500000000000014, 0.6999999999999993, 1.0064999999999973, 1.3400000000000007, 1.6099999999999994, 1.8499999999999983, 2.15, 2.374000000000002, 2.549999999999999, 2.8050000000000015, 3.1400000000000006, 3.4500000000000024, 3.8115000000000014, 4.139999999999999, 4.5024999999999995, 5.078000000000001, 6.064499999999994, 7.618000000000001, 10.733499999999994, 31.729999999999997]}