{"heuristic_stride": 0.6, "heuristic_buckets": 5, "percentiles": [0.0, 0.240000000000002, 0.47999999999999726, 0.7200000000000012, 0.9499999999999993, 1.129999999999999, 1.3099999999999963, 1.4884999999999948, 1.714, 1.9494999999999996, 2.2599999999999993, 2.5499999999999994, 2.8459999999999974, 3.161500000000004, 3.64, 4.152499999999998, 4.968000000000001, 6.009999999999998, 7.93, 11.282499999999992, 32.18]}