{"heuristic_stride": 0.9, "heuristic_buckets": 9, "percentiles": [0.0, 0.48999999999999944, 1.0010000000000001, 1.556499999999998, 2.182, 2.850000000000001, 3.5029999999999992, 4.18, 4.760000000000001, 5.3395, 5.775000000000001, 6.120500000000003, 6.469999999999999, 6.720000000000002, 7.016999999999998, 7.42, 7.890000000000001, 8.363499999999998, 9.008999999999999, 10.620000000000001, 29.950000000000003]}