{"heuristic_stride": 0.5, "heuristic_buckets": 8, "percentiles": [0.0, 0.37549999999999917, 0.6900000000000013, 1.0, 1.3200000000000003, 1.5799999999999983, 1.8530000000000004, 2.1469999999999985, 2.354000000000002, 2.539999999999999, 2.780000000000001, 3.0805000000000016, 3.420000000000001, 3.7699999999999996, 4.129999999999999, 4.460000000000001, 5.07, 6.090000000000002, 7.699999999999999, 10.786999999999988, 31.979999999999997]}