{"heuristic_stride": 1.25, "heuristic_buckets": 7, "percentiles": [0.0, 0.5799999999999983, 1.2399999999999984, 1.866499999999998, 2.422000000000002, 3.0175, 3.7199999999999998, 4.340000000000003, 5.054, 5.6295, 6.175000000000001, 6.610500000000001, 6.890000000000001, 7.199999999999999, 7.509999999999999, 7.922499999999999, 8.46, 8.9735, 9.669000000000002, 11.123499999999995, 29.44]}