{"heuristic_stride": 0.75, "heuristic_buckets": 6, "percentiles": [0.0, 0.28999999999999915, 0.751, 1.1400000000000006, 1.4799999999999975, 1.8399999999999999, 2.133000000000002, 2.4684999999999984, 2.6900000000000013, 2.8900000000000006, 3.1500000000000004, 3.4499999999999993, 3.75, 4.140000000000001, 4.43, 4.779999999999999, 5.37, 6.210000000000001, 7.618999999999998, 10.514999999999981, 31.729999999999997]}