{"heuristic_stride": 1.05, "heuristic_buckets": 10, "percentiles": [0.0, 0.7154999999999982, 1.421000000000002, 2.0565000000000015, 2.822, 3.7375000000000025, 4.290000000000001, 5.028499999999994, 5.878000000000004, 6.6800000000000015, 7.35, 7.9905000000000035, 8.440000000000003, 8.73, 9.07, 9.4425, 9.910000000000002, 10.510000000000002, 11.138000000000003, 12.487999999999992, 29.909999999999997]}