{"heuristic_stride": 0.5, "heuristic_buckets": 10, "percentiles": [0.00999999999999801, 0.40550000000000036, 0.8599999999999994, 1.2564999999999986, 1.6000000000000014, 1.9575000000000005, 2.3900000000000006, 2.6984999999999983, 2.990000000000002, 3.2300000000000004, 3.4499999999999993, 3.6999999999999993, 4.07, 4.42, 4.806999999999998, 5.21, 5.758, 6.43, 7.700000000000003, 10.472999999999974, 31.979999999999997]}