{"heuristic_stride": 0.05, "heuristic_buckets": 9, "percentiles": [0.0, 0.129999999999999, 0.28000000000000114, 0.4100000000000037, 0.5620000000000024, 0.740000000000002, 0.8800000000000001, 1.008499999999998, 1.1099999999999994, 1.209499999999998, 1.2899999999999991, 1.4200000000000002, 1.6100000000000003, 1.9315000000000009, 2.7300000000000004, 3.922500000000001, 4.936000000000005, 6.379999999999999, 8.369000000000005, 12.669999999999998, 33.59]}