{"heuristic_stride": 0.95, "heuristic_buckets": 5, "percentiles": [0.0, 0.4400000000000005, 0.8199999999999938, 1.2264999999999975, 1.6520000000000017, 1.9799999999999986, 2.3299999999999956, 2.6284999999999954, 2.8599999999999994, 3.09, 3.3799999999999972, 3.590500000000002, 3.8999999999999986, 4.319999999999998, 4.626999999999997, 5.019999999999998, 5.548, 6.290499999999996, 7.628, 10.5345, 31.58]}