{"heuristic_stride": 0.15, "heuristic_buckets": 2, "percentiles": [0.0, 0.14000000000000057, 0.27999999999999936, 0.43649999999999883, 0.5899999999999992, 0.7600000000000016, 0.9200000000000017, 1.0500000000000007, 1.1700000000000017, 1.2694999999999967, 1.3599999999999994, 1.4899999999999984, 1.6499999999999986, 1.9599999999999997, 2.710999999999994, 3.8349999999999986, 4.9159999999999995, 6.417499999999994, 8.499, 12.758999999999997, 33.53999999999999]}