{"heuristic_stride": 1.05, "heuristic_buckets": 5, "percentiles": [0.0, 0.4399999999999977, 0.8110000000000024, 1.230000000000004, 1.7199999999999989, 2.1000000000000014, 2.5100000000000016, 2.8999999999999986, 3.1840000000000055, 3.4200000000000017, 3.6999999999999993, 3.980000000000002, 4.33, 4.690000000000001, 5.12, 5.4525000000000015, 5.910000000000004, 6.579999999999998, 7.490000000000001, 10.379999999999995, 31.429999999999996]}