{"heuristic_stride": 0.4, "heuristic_buckets": 3, "percentiles": [0.0, 0.10999999999999943, 0.21000000000000085, 0.31000000000000166, 0.4099999999999966, 0.4900000000000002, 0.6000000000000014, 0.7000000000000001, 0.8540000000000014, 1.0200000000000014, 1.2400000000000002, 1.4700000000000006, 1.8300000000000012, 2.271500000000002, 3.0369999999999977, 3.8099999999999987, 4.838000000000012, 6.1934999999999985, 7.997000000000001, 11.958999999999996, 32.260000000000005]}