{"heuristic_stride": 0.7, "heuristic_buckets": 1, "percentiles": [0.0, 0.1454999999999957, 0.2609999999999997, 0.3899999999999981, 0.5099999999999998, 0.6400000000000006, 0.7530000000000014, 0.860000000000001, 0.9699999999999989, 1.0899999999999999, 1.2100000000000009, 1.4299999999999997, 1.6799999999999997, 2.1099999999999994, 2.9969999999999937, 3.8699999999999974, 5.016000000000005, 6.450499999999996, 8.330000000000002, 12.331499999999988, 32.09]}