{"heuristic_stride": 1.1, "heuristic_buckets": 4, "percentiles": [0.0, 0.36550000000000005, 0.7899999999999991, 1.1564999999999994, 1.5399999999999965, 1.870000000000001, 2.18, 2.438499999999999, 2.6900000000000013, 2.9100000000000037, 3.1800000000000015, 3.469999999999999, 3.7799999999999985, 4.0915000000000035, 4.440000000000001, 4.840000000000002, 5.368000000000004, 6.260000000000002, 7.6290000000000004, 10.568999999999996, 31.979999999999997]}