{"heuristic_stride": 0.65, "heuristic_buckets": 5, "percentiles": [3.552713678800501e-15, 0.259999999999998, 0.5300000000000011, 0.8399999999999986, 1.070000000000001, 1.2799999999999994, 1.4600000000000009, 1.6484999999999979, 1.8600000000000017, 2.1099999999999994, 2.345000000000002, 2.6799999999999997, 2.960000000000001, 3.3099999999999987, 3.7300000000000004, 4.25, 4.850000000000001, 5.759999999999998, 7.748000000000002, 11.248999999999997, 31.929999999999996]}