{"heuristic_stride": 0.65, "heuristic_buckets": 3, "percentiles": [0.0, 0.10549999999999848, 0.21000000000000085, 0.3200000000000003, 0.4320000000000026, 0.5800000000000018, 0.75, 0.9200000000000004, 1.1299999999999968, 1.3800000000000023, 1.665, 1.9005000000000023, 2.26, 2.6400000000000006, 3.159999999999999, 3.8874999999999984, 5.099999999999998, 6.279999999999998, 8.036000000000003, 11.877999999999995, 31.99]}