{"heuristic_stride": 0.85, "heuristic_buckets": 5, "percentiles": [0.0, 0.3999999999999986, 0.7599999999999982, 1.1000000000000014, 1.4200000000000017, 1.740000000000001, 2.0599999999999987, 2.329999999999999, 2.539999999999999, 2.7799999999999994, 3.0349999999999993, 3.3000000000000007, 3.635999999999999, 3.9615000000000014, 4.299999999999997, 4.639999999999999, 5.238000000000001, 6.209999999999999, 7.57, 10.733499999999994, 31.93]}