{"heuristic_stride": 1.0, "heuristic_buckets": 8, "percentiles": [0.0, 0.5199999999999996, 1.0099999999999982, 1.58, 2.1919999999999984, 2.8374999999999995, 3.5500000000000007, 4.15, 4.690000000000001, 5.289999999999999, 5.760000000000002, 6.039999999999999, 6.380000000000001, 6.66, 7.0, 7.390000000000001, 7.760000000000001, 8.25, 8.94, 10.514499999999998, 29.44]}