{"heuristic_stride": 1.1, "heuristic_buckets": 8, "percentiles": [1.7763568394002505e-15, 0.5399999999999991, 1.1909999999999985, 1.7899999999999991, 2.3500000000000014, 3.0674999999999955, 3.6600000000000006, 4.369999999999997, 4.968000000000007, 5.6595, 6.24, 6.630000000000003, 6.98, 7.291500000000006, 7.5969999999999995, 8.070000000000002, 8.490000000000002, 9.010000000000002, 9.620000000000001, 11.1045, 29.44000000000001]}