{"heuristic_stride": 1.0, "heuristic_buckets": 7, "percentiles": [0.0, 0.4299999999999997, 0.8599999999999994, 1.340000000000002, 1.8900000000000006, 2.4074999999999975, 3.123000000000001, 3.719999999999999, 4.214, 4.58, 4.93, 5.260500000000002, 5.550000000000001, 5.891500000000001, 6.220000000000001, 6.632500000000002, 7.078000000000001, 7.543499999999998, 8.238000000000003, 10.008999999999997, 32.61]}