{"heuristic_stride": 0.15, "heuristic_buckets": 7, "percentiles": [0.0, 0.13999999999999896, 0.2400000000000002, 0.34999999999999964, 0.4599999999999973, 0.5500000000000007, 0.6600000000000019, 0.7700000000000031, 0.8900000000000006, 1.0299999999999994, 1.1999999999999993, 1.3900000000000006, 1.7219999999999978, 2.1415, 2.9899999999999998, 3.862499999999999, 4.91, 6.243499999999997, 8.059000000000003, 12.214500000000001, 32.160000000000004]}