{"heuristic_stride": 0.5, "heuristic_buckets": 6, "percentiles": [0.0, 0.22999999999999884, 0.509999999999998, 0.7399999999999995, 0.9600000000000009, 1.147499999999999, 1.3200000000000003, 1.4800000000000004, 1.6440000000000006, 1.92, 2.245, 2.5500000000000007, 2.8299999999999983, 3.2015000000000002, 3.579999999999999, 4.1625, 5.018000000000004, 6.083499999999999, 8.037000000000003, 11.354499999999998, 32.06]}